GCA_049744075.1_ASM4974407v1	GCA_049744075.1_ASM4974407v1	0
GCA_049744075.1_ASM4974407v1	GCA_049744095.1_ASM4974409v1	58
GCA_049744075.1_ASM4974407v1	GCA_049744115.1_ASM4974411v1	80
GCA_049744075.1_ASM4974407v1	GCA_049744195.1_ASM4974419v1	59
GCA_049744075.1_ASM4974407v1	GCA_049744215.1_ASM4974421v1	55
GCA_049744075.1_ASM4974407v1	GCA_049744235.1_ASM4974423v1	58
GCA_049744075.1_ASM4974407v1	GCA_049744295.1_ASM4974429v1	59
GCA_049744075.1_ASM4974407v1	GCA_049744305.1_ASM4974430v1	56
GCA_049744075.1_ASM4974407v1	GCA_049744355.1_ASM4974435v1	58
GCA_049744075.1_ASM4974407v1	GCA_049744415.1_ASM4974441v1	58
GCA_049744075.1_ASM4974407v1	GCA_049744425.1_ASM4974442v1	58
GCA_049744075.1_ASM4974407v1	GCA_049744475.1_ASM4974447v1	58
GCA_049744075.1_ASM4974407v1	GCA_049744535.1_ASM4974453v1	31
GCA_049744075.1_ASM4974407v1	GCA_049744555.1_ASM4974455v1	58
GCA_049744075.1_ASM4974407v1	GCA_049744575.1_ASM4974457v1	58
GCA_049744075.1_ASM4974407v1	GCA_049744655.1_ASM4974465v1	58
GCA_049744075.1_ASM4974407v1	GCA_049744675.1_ASM4974467v1	58
GCA_049744075.1_ASM4974407v1	GCA_049744695.1_ASM4974469v1	58
GCA_049744075.1_ASM4974407v1	GCA_049744775.1_ASM4974477v1	58
GCA_049744075.1_ASM4974407v1	GCA_049744795.1_ASM4974479v1	59
GCA_049744075.1_ASM4974407v1	GCA_049744815.1_ASM4974481v1	45
GCA_049744075.1_ASM4974407v1	GCA_049744875.1_ASM4974487v1	58
GCA_049744075.1_ASM4974407v1	GCA_049744915.1_ASM4974491v1	70
GCA_049744075.1_ASM4974407v1	GCA_049744935.1_ASM4974493v1	61
GCA_049744075.1_ASM4974407v1	GCA_049744995.1_ASM4974499v1	52
GCA_049744075.1_ASM4974407v1	GCA_049745015.1_ASM4974501v1	61
GCA_049744075.1_ASM4974407v1	GCA_049745055.1_ASM4974505v1	59
GCA_049744075.1_ASM4974407v1	GCA_049745115.1_ASM4974511v1	58
GCA_049744075.1_ASM4974407v1	GCA_049745135.1_ASM4974513v1	65
GCA_049744075.1_ASM4974407v1	GCA_049745155.1_ASM4974515v1	57
GCA_049744075.1_ASM4974407v1	GCA_049745215.1_ASM4974521v1	65
GCA_049744075.1_ASM4974407v1	GCA_049745255.1_ASM4974525v1	64
GCA_049744075.1_ASM4974407v1	GCA_049745275.1_ASM4974527v1	72
GCA_049744075.1_ASM4974407v1	GCA_049745315.1_ASM4974531v1	67
GCA_049744075.1_ASM4974407v1	GCA_049745375.1_ASM4974537v1	70
GCA_049744075.1_ASM4974407v1	GCA_049745395.1_ASM4974539v1	59
GCA_049744095.1_ASM4974409v1	GCA_049744075.1_ASM4974407v1	58
GCA_049744095.1_ASM4974409v1	GCA_049744095.1_ASM4974409v1	0
GCA_049744095.1_ASM4974409v1	GCA_049744115.1_ASM4974411v1	68
GCA_049744095.1_ASM4974409v1	GCA_049744195.1_ASM4974419v1	55
GCA_049744095.1_ASM4974409v1	GCA_049744215.1_ASM4974421v1	51
GCA_049744095.1_ASM4974409v1	GCA_049744235.1_ASM4974423v1	0
GCA_049744095.1_ASM4974409v1	GCA_049744295.1_ASM4974429v1	58
GCA_049744095.1_ASM4974409v1	GCA_049744305.1_ASM4974430v1	36
GCA_049744095.1_ASM4974409v1	GCA_049744355.1_ASM4974435v1	0
GCA_049744095.1_ASM4974409v1	GCA_049744415.1_ASM4974441v1	0
GCA_049744095.1_ASM4974409v1	GCA_049744425.1_ASM4974442v1	0
GCA_049744095.1_ASM4974409v1	GCA_049744475.1_ASM4974447v1	0
GCA_049744095.1_ASM4974409v1	GCA_049744535.1_ASM4974453v1	51
GCA_049744095.1_ASM4974409v1	GCA_049744555.1_ASM4974455v1	0
GCA_049744095.1_ASM4974409v1	GCA_049744575.1_ASM4974457v1	0
GCA_049744095.1_ASM4974409v1	GCA_049744655.1_ASM4974465v1	0
GCA_049744095.1_ASM4974409v1	GCA_049744675.1_ASM4974467v1	0
GCA_049744095.1_ASM4974409v1	GCA_049744695.1_ASM4974469v1	0
GCA_049744095.1_ASM4974409v1	GCA_049744775.1_ASM4974477v1	0
GCA_049744095.1_ASM4974409v1	GCA_049744795.1_ASM4974479v1	1
GCA_049744095.1_ASM4974409v1	GCA_049744815.1_ASM4974481v1	53
GCA_049744095.1_ASM4974409v1	GCA_049744875.1_ASM4974487v1	0
GCA_049744095.1_ASM4974409v1	GCA_049744915.1_ASM4974491v1	58
GCA_049744095.1_ASM4974409v1	GCA_049744935.1_ASM4974493v1	57
GCA_049744095.1_ASM4974409v1	GCA_049744995.1_ASM4974499v1	48
GCA_049744095.1_ASM4974409v1	GCA_049745015.1_ASM4974501v1	49
GCA_049744095.1_ASM4974409v1	GCA_049745055.1_ASM4974505v1	55
GCA_049744095.1_ASM4974409v1	GCA_049745115.1_ASM4974511v1	54
GCA_049744095.1_ASM4974409v1	GCA_049745135.1_ASM4974513v1	61
GCA_049744095.1_ASM4974409v1	GCA_049745155.1_ASM4974515v1	53
GCA_049744095.1_ASM4974409v1	GCA_049745215.1_ASM4974521v1	61
GCA_049744095.1_ASM4974409v1	GCA_049745255.1_ASM4974525v1	60
GCA_049744095.1_ASM4974409v1	GCA_049745275.1_ASM4974527v1	60
GCA_049744095.1_ASM4974409v1	GCA_049745315.1_ASM4974531v1	63
GCA_049744095.1_ASM4974409v1	GCA_049745375.1_ASM4974537v1	58
GCA_049744095.1_ASM4974409v1	GCA_049745395.1_ASM4974539v1	55
GCA_049744115.1_ASM4974411v1	GCA_049744075.1_ASM4974407v1	80
GCA_049744115.1_ASM4974411v1	GCA_049744095.1_ASM4974409v1	68
GCA_049744115.1_ASM4974411v1	GCA_049744115.1_ASM4974411v1	0
GCA_049744115.1_ASM4974411v1	GCA_049744195.1_ASM4974419v1	77
GCA_049744115.1_ASM4974411v1	GCA_049744215.1_ASM4974421v1	73
GCA_049744115.1_ASM4974411v1	GCA_049744235.1_ASM4974423v1	68
GCA_049744115.1_ASM4974411v1	GCA_049744295.1_ASM4974429v1	80
GCA_049744115.1_ASM4974411v1	GCA_049744305.1_ASM4974430v1	66
GCA_049744115.1_ASM4974411v1	GCA_049744355.1_ASM4974435v1	68
GCA_049744115.1_ASM4974411v1	GCA_049744415.1_ASM4974441v1	68
GCA_049744115.1_ASM4974411v1	GCA_049744425.1_ASM4974442v1	68
GCA_049744115.1_ASM4974411v1	GCA_049744475.1_ASM4974447v1	68
GCA_049744115.1_ASM4974411v1	GCA_049744535.1_ASM4974453v1	73
GCA_049744115.1_ASM4974411v1	GCA_049744555.1_ASM4974455v1	68
GCA_049744115.1_ASM4974411v1	GCA_049744575.1_ASM4974457v1	68
GCA_049744115.1_ASM4974411v1	GCA_049744655.1_ASM4974465v1	68
GCA_049744115.1_ASM4974411v1	GCA_049744675.1_ASM4974467v1	68
GCA_049744115.1_ASM4974411v1	GCA_049744695.1_ASM4974469v1	68
GCA_049744115.1_ASM4974411v1	GCA_049744775.1_ASM4974477v1	68
GCA_049744115.1_ASM4974411v1	GCA_049744795.1_ASM4974479v1	69
GCA_049744115.1_ASM4974411v1	GCA_049744815.1_ASM4974481v1	75
GCA_049744115.1_ASM4974411v1	GCA_049744875.1_ASM4974487v1	68
GCA_049744115.1_ASM4974411v1	GCA_049744915.1_ASM4974491v1	80
GCA_049744115.1_ASM4974411v1	GCA_049744935.1_ASM4974493v1	79
GCA_049744115.1_ASM4974411v1	GCA_049744995.1_ASM4974499v1	70
GCA_049744115.1_ASM4974411v1	GCA_049745015.1_ASM4974501v1	71
GCA_049744115.1_ASM4974411v1	GCA_049745055.1_ASM4974505v1	77
GCA_049744115.1_ASM4974411v1	GCA_049745115.1_ASM4974511v1	76
GCA_049744115.1_ASM4974411v1	GCA_049745135.1_ASM4974513v1	83
GCA_049744115.1_ASM4974411v1	GCA_049745155.1_ASM4974515v1	75
GCA_049744115.1_ASM4974411v1	GCA_049745215.1_ASM4974521v1	83
GCA_049744115.1_ASM4974411v1	GCA_049745255.1_ASM4974525v1	82
GCA_049744115.1_ASM4974411v1	GCA_049745275.1_ASM4974527v1	82
GCA_049744115.1_ASM4974411v1	GCA_049745315.1_ASM4974531v1	85
GCA_049744115.1_ASM4974411v1	GCA_049745375.1_ASM4974537v1	80
GCA_049744115.1_ASM4974411v1	GCA_049745395.1_ASM4974539v1	77
GCA_049744195.1_ASM4974419v1	GCA_049744075.1_ASM4974407v1	59
GCA_049744195.1_ASM4974419v1	GCA_049744095.1_ASM4974409v1	55
GCA_049744195.1_ASM4974419v1	GCA_049744115.1_ASM4974411v1	77
GCA_049744195.1_ASM4974419v1	GCA_049744195.1_ASM4974419v1	0
GCA_049744195.1_ASM4974419v1	GCA_049744215.1_ASM4974421v1	52
GCA_049744195.1_ASM4974419v1	GCA_049744235.1_ASM4974423v1	55
GCA_049744195.1_ASM4974419v1	GCA_049744295.1_ASM4974429v1	59
GCA_049744195.1_ASM4974419v1	GCA_049744305.1_ASM4974430v1	53
GCA_049744195.1_ASM4974419v1	GCA_049744355.1_ASM4974435v1	55
GCA_049744195.1_ASM4974419v1	GCA_049744415.1_ASM4974441v1	55
GCA_049744195.1_ASM4974419v1	GCA_049744425.1_ASM4974442v1	55
GCA_049744195.1_ASM4974419v1	GCA_049744475.1_ASM4974447v1	55
GCA_049744195.1_ASM4974419v1	GCA_049744535.1_ASM4974453v1	52
GCA_049744195.1_ASM4974419v1	GCA_049744555.1_ASM4974455v1	55
GCA_049744195.1_ASM4974419v1	GCA_049744575.1_ASM4974457v1	55
GCA_049744195.1_ASM4974419v1	GCA_049744655.1_ASM4974465v1	55
GCA_049744195.1_ASM4974419v1	GCA_049744675.1_ASM4974467v1	55
GCA_049744195.1_ASM4974419v1	GCA_049744695.1_ASM4974469v1	55
GCA_049744195.1_ASM4974419v1	GCA_049744775.1_ASM4974477v1	55
GCA_049744195.1_ASM4974419v1	GCA_049744795.1_ASM4974479v1	56
GCA_049744195.1_ASM4974419v1	GCA_049744815.1_ASM4974481v1	54
GCA_049744195.1_ASM4974419v1	GCA_049744875.1_ASM4974487v1	55
GCA_049744195.1_ASM4974419v1	GCA_049744915.1_ASM4974491v1	67
GCA_049744195.1_ASM4974419v1	GCA_049744935.1_ASM4974493v1	58
GCA_049744195.1_ASM4974419v1	GCA_049744995.1_ASM4974499v1	15
GCA_049744195.1_ASM4974419v1	GCA_049745015.1_ASM4974501v1	58
GCA_049744195.1_ASM4974419v1	GCA_049745055.1_ASM4974505v1	56
GCA_049744195.1_ASM4974419v1	GCA_049745115.1_ASM4974511v1	55
GCA_049744195.1_ASM4974419v1	GCA_049745135.1_ASM4974513v1	62
GCA_049744195.1_ASM4974419v1	GCA_049745155.1_ASM4974515v1	54
GCA_049744195.1_ASM4974419v1	GCA_049745215.1_ASM4974521v1	62
GCA_049744195.1_ASM4974419v1	GCA_049745255.1_ASM4974525v1	61
GCA_049744195.1_ASM4974419v1	GCA_049745275.1_ASM4974527v1	69
GCA_049744195.1_ASM4974419v1	GCA_049745315.1_ASM4974531v1	64
GCA_049744195.1_ASM4974419v1	GCA_049745375.1_ASM4974537v1	67
GCA_049744195.1_ASM4974419v1	GCA_049745395.1_ASM4974539v1	56
GCA_049744215.1_ASM4974421v1	GCA_049744075.1_ASM4974407v1	55
GCA_049744215.1_ASM4974421v1	GCA_049744095.1_ASM4974409v1	51
GCA_049744215.1_ASM4974421v1	GCA_049744115.1_ASM4974411v1	73
GCA_049744215.1_ASM4974421v1	GCA_049744195.1_ASM4974419v1	52
GCA_049744215.1_ASM4974421v1	GCA_049744215.1_ASM4974421v1	0
GCA_049744215.1_ASM4974421v1	GCA_049744235.1_ASM4974423v1	51
GCA_049744215.1_ASM4974421v1	GCA_049744295.1_ASM4974429v1	55
GCA_049744215.1_ASM4974421v1	GCA_049744305.1_ASM4974430v1	49
GCA_049744215.1_ASM4974421v1	GCA_049744355.1_ASM4974435v1	51
GCA_049744215.1_ASM4974421v1	GCA_049744415.1_ASM4974441v1	51
GCA_049744215.1_ASM4974421v1	GCA_049744425.1_ASM4974442v1	51
GCA_049744215.1_ASM4974421v1	GCA_049744475.1_ASM4974447v1	51
GCA_049744215.1_ASM4974421v1	GCA_049744535.1_ASM4974453v1	48
GCA_049744215.1_ASM4974421v1	GCA_049744555.1_ASM4974455v1	51
GCA_049744215.1_ASM4974421v1	GCA_049744575.1_ASM4974457v1	51
GCA_049744215.1_ASM4974421v1	GCA_049744655.1_ASM4974465v1	51
GCA_049744215.1_ASM4974421v1	GCA_049744675.1_ASM4974467v1	51
GCA_049744215.1_ASM4974421v1	GCA_049744695.1_ASM4974469v1	51
GCA_049744215.1_ASM4974421v1	GCA_049744775.1_ASM4974477v1	51
GCA_049744215.1_ASM4974421v1	GCA_049744795.1_ASM4974479v1	52
GCA_049744215.1_ASM4974421v1	GCA_049744815.1_ASM4974481v1	50
GCA_049744215.1_ASM4974421v1	GCA_049744875.1_ASM4974487v1	51
GCA_049744215.1_ASM4974421v1	GCA_049744915.1_ASM4974491v1	63
GCA_049744215.1_ASM4974421v1	GCA_049744935.1_ASM4974493v1	36
GCA_049744215.1_ASM4974421v1	GCA_049744995.1_ASM4974499v1	45
GCA_049744215.1_ASM4974421v1	GCA_049745015.1_ASM4974501v1	54
GCA_049744215.1_ASM4974421v1	GCA_049745055.1_ASM4974505v1	12
GCA_049744215.1_ASM4974421v1	GCA_049745115.1_ASM4974511v1	33
GCA_049744215.1_ASM4974421v1	GCA_049745135.1_ASM4974513v1	20
GCA_049744215.1_ASM4974421v1	GCA_049745155.1_ASM4974515v1	16
GCA_049744215.1_ASM4974421v1	GCA_049745215.1_ASM4974521v1	20
GCA_049744215.1_ASM4974421v1	GCA_049745255.1_ASM4974525v1	39
GCA_049744215.1_ASM4974421v1	GCA_049745275.1_ASM4974527v1	65
GCA_049744215.1_ASM4974421v1	GCA_049745315.1_ASM4974531v1	42
GCA_049744215.1_ASM4974421v1	GCA_049745375.1_ASM4974537v1	63
GCA_049744215.1_ASM4974421v1	GCA_049745395.1_ASM4974539v1	18
GCA_049744235.1_ASM4974423v1	GCA_049744075.1_ASM4974407v1	58
GCA_049744235.1_ASM4974423v1	GCA_049744095.1_ASM4974409v1	0
GCA_049744235.1_ASM4974423v1	GCA_049744115.1_ASM4974411v1	68
GCA_049744235.1_ASM4974423v1	GCA_049744195.1_ASM4974419v1	55
GCA_049744235.1_ASM4974423v1	GCA_049744215.1_ASM4974421v1	51
GCA_049744235.1_ASM4974423v1	GCA_049744235.1_ASM4974423v1	0
GCA_049744235.1_ASM4974423v1	GCA_049744295.1_ASM4974429v1	58
GCA_049744235.1_ASM4974423v1	GCA_049744305.1_ASM4974430v1	36
GCA_049744235.1_ASM4974423v1	GCA_049744355.1_ASM4974435v1	0
GCA_049744235.1_ASM4974423v1	GCA_049744415.1_ASM4974441v1	0
GCA_049744235.1_ASM4974423v1	GCA_049744425.1_ASM4974442v1	0
GCA_049744235.1_ASM4974423v1	GCA_049744475.1_ASM4974447v1	0
GCA_049744235.1_ASM4974423v1	GCA_049744535.1_ASM4974453v1	51
GCA_049744235.1_ASM4974423v1	GCA_049744555.1_ASM4974455v1	0
GCA_049744235.1_ASM4974423v1	GCA_049744575.1_ASM4974457v1	0
GCA_049744235.1_ASM4974423v1	GCA_049744655.1_ASM4974465v1	0
GCA_049744235.1_ASM4974423v1	GCA_049744675.1_ASM4974467v1	0
GCA_049744235.1_ASM4974423v1	GCA_049744695.1_ASM4974469v1	0
GCA_049744235.1_ASM4974423v1	GCA_049744775.1_ASM4974477v1	0
GCA_049744235.1_ASM4974423v1	GCA_049744795.1_ASM4974479v1	1
GCA_049744235.1_ASM4974423v1	GCA_049744815.1_ASM4974481v1	53
GCA_049744235.1_ASM4974423v1	GCA_049744875.1_ASM4974487v1	0
GCA_049744235.1_ASM4974423v1	GCA_049744915.1_ASM4974491v1	58
GCA_049744235.1_ASM4974423v1	GCA_049744935.1_ASM4974493v1	57
GCA_049744235.1_ASM4974423v1	GCA_049744995.1_ASM4974499v1	48
GCA_049744235.1_ASM4974423v1	GCA_049745015.1_ASM4974501v1	49
GCA_049744235.1_ASM4974423v1	GCA_049745055.1_ASM4974505v1	55
GCA_049744235.1_ASM4974423v1	GCA_049745115.1_ASM4974511v1	54
GCA_049744235.1_ASM4974423v1	GCA_049745135.1_ASM4974513v1	61
GCA_049744235.1_ASM4974423v1	GCA_049745155.1_ASM4974515v1	53
GCA_049744235.1_ASM4974423v1	GCA_049745215.1_ASM4974521v1	61
GCA_049744235.1_ASM4974423v1	GCA_049745255.1_ASM4974525v1	60
GCA_049744235.1_ASM4974423v1	GCA_049745275.1_ASM4974527v1	60
GCA_049744235.1_ASM4974423v1	GCA_049745315.1_ASM4974531v1	63
GCA_049744235.1_ASM4974423v1	GCA_049745375.1_ASM4974537v1	58
GCA_049744235.1_ASM4974423v1	GCA_049745395.1_ASM4974539v1	55
GCA_049744295.1_ASM4974429v1	GCA_049744075.1_ASM4974407v1	59
GCA_049744295.1_ASM4974429v1	GCA_049744095.1_ASM4974409v1	58
GCA_049744295.1_ASM4974429v1	GCA_049744115.1_ASM4974411v1	80
GCA_049744295.1_ASM4974429v1	GCA_049744195.1_ASM4974419v1	59
GCA_049744295.1_ASM4974429v1	GCA_049744215.1_ASM4974421v1	55
GCA_049744295.1_ASM4974429v1	GCA_049744235.1_ASM4974423v1	58
GCA_049744295.1_ASM4974429v1	GCA_049744295.1_ASM4974429v1	0
GCA_049744295.1_ASM4974429v1	GCA_049744305.1_ASM4974430v1	56
GCA_049744295.1_ASM4974429v1	GCA_049744355.1_ASM4974435v1	58
GCA_049744295.1_ASM4974429v1	GCA_049744415.1_ASM4974441v1	58
GCA_049744295.1_ASM4974429v1	GCA_049744425.1_ASM4974442v1	58
GCA_049744295.1_ASM4974429v1	GCA_049744475.1_ASM4974447v1	58
GCA_049744295.1_ASM4974429v1	GCA_049744535.1_ASM4974453v1	53
GCA_049744295.1_ASM4974429v1	GCA_049744555.1_ASM4974455v1	58
GCA_049744295.1_ASM4974429v1	GCA_049744575.1_ASM4974457v1	58
GCA_049744295.1_ASM4974429v1	GCA_049744655.1_ASM4974465v1	58
GCA_049744295.1_ASM4974429v1	GCA_049744675.1_ASM4974467v1	58
GCA_049744295.1_ASM4974429v1	GCA_049744695.1_ASM4974469v1	58
GCA_049744295.1_ASM4974429v1	GCA_049744775.1_ASM4974477v1	58
GCA_049744295.1_ASM4974429v1	GCA_049744795.1_ASM4974479v1	59
GCA_049744295.1_ASM4974429v1	GCA_049744815.1_ASM4974481v1	54
GCA_049744295.1_ASM4974429v1	GCA_049744875.1_ASM4974487v1	58
GCA_049744295.1_ASM4974429v1	GCA_049744915.1_ASM4974491v1	70
GCA_049744295.1_ASM4974429v1	GCA_049744935.1_ASM4974493v1	61
GCA_049744295.1_ASM4974429v1	GCA_049744995.1_ASM4974499v1	52
GCA_049744295.1_ASM4974429v1	GCA_049745015.1_ASM4974501v1	61
GCA_049744295.1_ASM4974429v1	GCA_049745055.1_ASM4974505v1	59
GCA_049744295.1_ASM4974429v1	GCA_049745115.1_ASM4974511v1	58
GCA_049744295.1_ASM4974429v1	GCA_049745135.1_ASM4974513v1	65
GCA_049744295.1_ASM4974429v1	GCA_049745155.1_ASM4974515v1	57
GCA_049744295.1_ASM4974429v1	GCA_049745215.1_ASM4974521v1	65
GCA_049744295.1_ASM4974429v1	GCA_049745255.1_ASM4974525v1	64
GCA_049744295.1_ASM4974429v1	GCA_049745275.1_ASM4974527v1	72
GCA_049744295.1_ASM4974429v1	GCA_049745315.1_ASM4974531v1	67
GCA_049744295.1_ASM4974429v1	GCA_049745375.1_ASM4974537v1	70
GCA_049744295.1_ASM4974429v1	GCA_049745395.1_ASM4974539v1	59
GCA_049744305.1_ASM4974430v1	GCA_049744075.1_ASM4974407v1	56
GCA_049744305.1_ASM4974430v1	GCA_049744095.1_ASM4974409v1	36
GCA_049744305.1_ASM4974430v1	GCA_049744115.1_ASM4974411v1	66
GCA_049744305.1_ASM4974430v1	GCA_049744195.1_ASM4974419v1	53
GCA_049744305.1_ASM4974430v1	GCA_049744215.1_ASM4974421v1	49
GCA_049744305.1_ASM4974430v1	GCA_049744235.1_ASM4974423v1	36
GCA_049744305.1_ASM4974430v1	GCA_049744295.1_ASM4974429v1	56
GCA_049744305.1_ASM4974430v1	GCA_049744305.1_ASM4974430v1	0
GCA_049744305.1_ASM4974430v1	GCA_049744355.1_ASM4974435v1	36
GCA_049744305.1_ASM4974430v1	GCA_049744415.1_ASM4974441v1	36
GCA_049744305.1_ASM4974430v1	GCA_049744425.1_ASM4974442v1	36
GCA_049744305.1_ASM4974430v1	GCA_049744475.1_ASM4974447v1	36
GCA_049744305.1_ASM4974430v1	GCA_049744535.1_ASM4974453v1	49
GCA_049744305.1_ASM4974430v1	GCA_049744555.1_ASM4974455v1	36
GCA_049744305.1_ASM4974430v1	GCA_049744575.1_ASM4974457v1	36
GCA_049744305.1_ASM4974430v1	GCA_049744655.1_ASM4974465v1	36
GCA_049744305.1_ASM4974430v1	GCA_049744675.1_ASM4974467v1	36
GCA_049744305.1_ASM4974430v1	GCA_049744695.1_ASM4974469v1	36
GCA_049744305.1_ASM4974430v1	GCA_049744775.1_ASM4974477v1	36
GCA_049744305.1_ASM4974430v1	GCA_049744795.1_ASM4974479v1	37
GCA_049744305.1_ASM4974430v1	GCA_049744815.1_ASM4974481v1	51
GCA_049744305.1_ASM4974430v1	GCA_049744875.1_ASM4974487v1	36
GCA_049744305.1_ASM4974430v1	GCA_049744915.1_ASM4974491v1	56
GCA_049744305.1_ASM4974430v1	GCA_049744935.1_ASM4974493v1	55
GCA_049744305.1_ASM4974430v1	GCA_049744995.1_ASM4974499v1	46
GCA_049744305.1_ASM4974430v1	GCA_049745015.1_ASM4974501v1	47
GCA_049744305.1_ASM4974430v1	GCA_049745055.1_ASM4974505v1	53
GCA_049744305.1_ASM4974430v1	GCA_049745115.1_ASM4974511v1	52
GCA_049744305.1_ASM4974430v1	GCA_049745135.1_ASM4974513v1	59
GCA_049744305.1_ASM4974430v1	GCA_049745155.1_ASM4974515v1	51
GCA_049744305.1_ASM4974430v1	GCA_049745215.1_ASM4974521v1	59
GCA_049744305.1_ASM4974430v1	GCA_049745255.1_ASM4974525v1	58
GCA_049744305.1_ASM4974430v1	GCA_049745275.1_ASM4974527v1	58
GCA_049744305.1_ASM4974430v1	GCA_049745315.1_ASM4974531v1	61
GCA_049744305.1_ASM4974430v1	GCA_049745375.1_ASM4974537v1	56
GCA_049744305.1_ASM4974430v1	GCA_049745395.1_ASM4974539v1	53
GCA_049744355.1_ASM4974435v1	GCA_049744075.1_ASM4974407v1	58
GCA_049744355.1_ASM4974435v1	GCA_049744095.1_ASM4974409v1	0
GCA_049744355.1_ASM4974435v1	GCA_049744115.1_ASM4974411v1	68
GCA_049744355.1_ASM4974435v1	GCA_049744195.1_ASM4974419v1	55
GCA_049744355.1_ASM4974435v1	GCA_049744215.1_ASM4974421v1	51
GCA_049744355.1_ASM4974435v1	GCA_049744235.1_ASM4974423v1	0
GCA_049744355.1_ASM4974435v1	GCA_049744295.1_ASM4974429v1	58
GCA_049744355.1_ASM4974435v1	GCA_049744305.1_ASM4974430v1	36
GCA_049744355.1_ASM4974435v1	GCA_049744355.1_ASM4974435v1	0
GCA_049744355.1_ASM4974435v1	GCA_049744415.1_ASM4974441v1	0
GCA_049744355.1_ASM4974435v1	GCA_049744425.1_ASM4974442v1	0
GCA_049744355.1_ASM4974435v1	GCA_049744475.1_ASM4974447v1	0
GCA_049744355.1_ASM4974435v1	GCA_049744535.1_ASM4974453v1	51
GCA_049744355.1_ASM4974435v1	GCA_049744555.1_ASM4974455v1	0
GCA_049744355.1_ASM4974435v1	GCA_049744575.1_ASM4974457v1	0
GCA_049744355.1_ASM4974435v1	GCA_049744655.1_ASM4974465v1	0
GCA_049744355.1_ASM4974435v1	GCA_049744675.1_ASM4974467v1	0
GCA_049744355.1_ASM4974435v1	GCA_049744695.1_ASM4974469v1	0
GCA_049744355.1_ASM4974435v1	GCA_049744775.1_ASM4974477v1	0
GCA_049744355.1_ASM4974435v1	GCA_049744795.1_ASM4974479v1	1
GCA_049744355.1_ASM4974435v1	GCA_049744815.1_ASM4974481v1	53
GCA_049744355.1_ASM4974435v1	GCA_049744875.1_ASM4974487v1	0
GCA_049744355.1_ASM4974435v1	GCA_049744915.1_ASM4974491v1	58
GCA_049744355.1_ASM4974435v1	GCA_049744935.1_ASM4974493v1	57
GCA_049744355.1_ASM4974435v1	GCA_049744995.1_ASM4974499v1	48
GCA_049744355.1_ASM4974435v1	GCA_049745015.1_ASM4974501v1	49
GCA_049744355.1_ASM4974435v1	GCA_049745055.1_ASM4974505v1	55
GCA_049744355.1_ASM4974435v1	GCA_049745115.1_ASM4974511v1	54
GCA_049744355.1_ASM4974435v1	GCA_049745135.1_ASM4974513v1	61
GCA_049744355.1_ASM4974435v1	GCA_049745155.1_ASM4974515v1	53
GCA_049744355.1_ASM4974435v1	GCA_049745215.1_ASM4974521v1	61
GCA_049744355.1_ASM4974435v1	GCA_049745255.1_ASM4974525v1	60
GCA_049744355.1_ASM4974435v1	GCA_049745275.1_ASM4974527v1	60
GCA_049744355.1_ASM4974435v1	GCA_049745315.1_ASM4974531v1	63
GCA_049744355.1_ASM4974435v1	GCA_049745375.1_ASM4974537v1	58
GCA_049744355.1_ASM4974435v1	GCA_049745395.1_ASM4974539v1	55
GCA_049744415.1_ASM4974441v1	GCA_049744075.1_ASM4974407v1	58
GCA_049744415.1_ASM4974441v1	GCA_049744095.1_ASM4974409v1	0
GCA_049744415.1_ASM4974441v1	GCA_049744115.1_ASM4974411v1	68
GCA_049744415.1_ASM4974441v1	GCA_049744195.1_ASM4974419v1	55
GCA_049744415.1_ASM4974441v1	GCA_049744215.1_ASM4974421v1	51
GCA_049744415.1_ASM4974441v1	GCA_049744235.1_ASM4974423v1	0
GCA_049744415.1_ASM4974441v1	GCA_049744295.1_ASM4974429v1	58
GCA_049744415.1_ASM4974441v1	GCA_049744305.1_ASM4974430v1	36
GCA_049744415.1_ASM4974441v1	GCA_049744355.1_ASM4974435v1	0
GCA_049744415.1_ASM4974441v1	GCA_049744415.1_ASM4974441v1	0
GCA_049744415.1_ASM4974441v1	GCA_049744425.1_ASM4974442v1	0
GCA_049744415.1_ASM4974441v1	GCA_049744475.1_ASM4974447v1	0
GCA_049744415.1_ASM4974441v1	GCA_049744535.1_ASM4974453v1	51
GCA_049744415.1_ASM4974441v1	GCA_049744555.1_ASM4974455v1	0
GCA_049744415.1_ASM4974441v1	GCA_049744575.1_ASM4974457v1	0
GCA_049744415.1_ASM4974441v1	GCA_049744655.1_ASM4974465v1	0
GCA_049744415.1_ASM4974441v1	GCA_049744675.1_ASM4974467v1	0
GCA_049744415.1_ASM4974441v1	GCA_049744695.1_ASM4974469v1	0
GCA_049744415.1_ASM4974441v1	GCA_049744775.1_ASM4974477v1	0
GCA_049744415.1_ASM4974441v1	GCA_049744795.1_ASM4974479v1	1
GCA_049744415.1_ASM4974441v1	GCA_049744815.1_ASM4974481v1	53
GCA_049744415.1_ASM4974441v1	GCA_049744875.1_ASM4974487v1	0
GCA_049744415.1_ASM4974441v1	GCA_049744915.1_ASM4974491v1	58
GCA_049744415.1_ASM4974441v1	GCA_049744935.1_ASM4974493v1	57
GCA_049744415.1_ASM4974441v1	GCA_049744995.1_ASM4974499v1	48
GCA_049744415.1_ASM4974441v1	GCA_049745015.1_ASM4974501v1	49
GCA_049744415.1_ASM4974441v1	GCA_049745055.1_ASM4974505v1	55
GCA_049744415.1_ASM4974441v1	GCA_049745115.1_ASM4974511v1	54
GCA_049744415.1_ASM4974441v1	GCA_049745135.1_ASM4974513v1	61
GCA_049744415.1_ASM4974441v1	GCA_049745155.1_ASM4974515v1	53
GCA_049744415.1_ASM4974441v1	GCA_049745215.1_ASM4974521v1	61
GCA_049744415.1_ASM4974441v1	GCA_049745255.1_ASM4974525v1	60
GCA_049744415.1_ASM4974441v1	GCA_049745275.1_ASM4974527v1	60
GCA_049744415.1_ASM4974441v1	GCA_049745315.1_ASM4974531v1	63
GCA_049744415.1_ASM4974441v1	GCA_049745375.1_ASM4974537v1	58
GCA_049744415.1_ASM4974441v1	GCA_049745395.1_ASM4974539v1	55
GCA_049744425.1_ASM4974442v1	GCA_049744075.1_ASM4974407v1	58
GCA_049744425.1_ASM4974442v1	GCA_049744095.1_ASM4974409v1	0
GCA_049744425.1_ASM4974442v1	GCA_049744115.1_ASM4974411v1	68
GCA_049744425.1_ASM4974442v1	GCA_049744195.1_ASM4974419v1	55
GCA_049744425.1_ASM4974442v1	GCA_049744215.1_ASM4974421v1	51
GCA_049744425.1_ASM4974442v1	GCA_049744235.1_ASM4974423v1	0
GCA_049744425.1_ASM4974442v1	GCA_049744295.1_ASM4974429v1	58
GCA_049744425.1_ASM4974442v1	GCA_049744305.1_ASM4974430v1	36
GCA_049744425.1_ASM4974442v1	GCA_049744355.1_ASM4974435v1	0
GCA_049744425.1_ASM4974442v1	GCA_049744415.1_ASM4974441v1	0
GCA_049744425.1_ASM4974442v1	GCA_049744425.1_ASM4974442v1	0
GCA_049744425.1_ASM4974442v1	GCA_049744475.1_ASM4974447v1	0
GCA_049744425.1_ASM4974442v1	GCA_049744535.1_ASM4974453v1	51
GCA_049744425.1_ASM4974442v1	GCA_049744555.1_ASM4974455v1	0
GCA_049744425.1_ASM4974442v1	GCA_049744575.1_ASM4974457v1	0
GCA_049744425.1_ASM4974442v1	GCA_049744655.1_ASM4974465v1	0
GCA_049744425.1_ASM4974442v1	GCA_049744675.1_ASM4974467v1	0
GCA_049744425.1_ASM4974442v1	GCA_049744695.1_ASM4974469v1	0
GCA_049744425.1_ASM4974442v1	GCA_049744775.1_ASM4974477v1	0
GCA_049744425.1_ASM4974442v1	GCA_049744795.1_ASM4974479v1	1
GCA_049744425.1_ASM4974442v1	GCA_049744815.1_ASM4974481v1	53
GCA_049744425.1_ASM4974442v1	GCA_049744875.1_ASM4974487v1	0
GCA_049744425.1_ASM4974442v1	GCA_049744915.1_ASM4974491v1	58
GCA_049744425.1_ASM4974442v1	GCA_049744935.1_ASM4974493v1	57
GCA_049744425.1_ASM4974442v1	GCA_049744995.1_ASM4974499v1	48
GCA_049744425.1_ASM4974442v1	GCA_049745015.1_ASM4974501v1	49
GCA_049744425.1_ASM4974442v1	GCA_049745055.1_ASM4974505v1	55
GCA_049744425.1_ASM4974442v1	GCA_049745115.1_ASM4974511v1	54
GCA_049744425.1_ASM4974442v1	GCA_049745135.1_ASM4974513v1	61
GCA_049744425.1_ASM4974442v1	GCA_049745155.1_ASM4974515v1	53
GCA_049744425.1_ASM4974442v1	GCA_049745215.1_ASM4974521v1	61
GCA_049744425.1_ASM4974442v1	GCA_049745255.1_ASM4974525v1	60
GCA_049744425.1_ASM4974442v1	GCA_049745275.1_ASM4974527v1	60
GCA_049744425.1_ASM4974442v1	GCA_049745315.1_ASM4974531v1	63
GCA_049744425.1_ASM4974442v1	GCA_049745375.1_ASM4974537v1	58
GCA_049744425.1_ASM4974442v1	GCA_049745395.1_ASM4974539v1	55
GCA_049744475.1_ASM4974447v1	GCA_049744075.1_ASM4974407v1	58
GCA_049744475.1_ASM4974447v1	GCA_049744095.1_ASM4974409v1	0
GCA_049744475.1_ASM4974447v1	GCA_049744115.1_ASM4974411v1	68
GCA_049744475.1_ASM4974447v1	GCA_049744195.1_ASM4974419v1	55
GCA_049744475.1_ASM4974447v1	GCA_049744215.1_ASM4974421v1	51
GCA_049744475.1_ASM4974447v1	GCA_049744235.1_ASM4974423v1	0
GCA_049744475.1_ASM4974447v1	GCA_049744295.1_ASM4974429v1	58
GCA_049744475.1_ASM4974447v1	GCA_049744305.1_ASM4974430v1	36
GCA_049744475.1_ASM4974447v1	GCA_049744355.1_ASM4974435v1	0
GCA_049744475.1_ASM4974447v1	GCA_049744415.1_ASM4974441v1	0
GCA_049744475.1_ASM4974447v1	GCA_049744425.1_ASM4974442v1	0
GCA_049744475.1_ASM4974447v1	GCA_049744475.1_ASM4974447v1	0
GCA_049744475.1_ASM4974447v1	GCA_049744535.1_ASM4974453v1	51
GCA_049744475.1_ASM4974447v1	GCA_049744555.1_ASM4974455v1	0
GCA_049744475.1_ASM4974447v1	GCA_049744575.1_ASM4974457v1	0
GCA_049744475.1_ASM4974447v1	GCA_049744655.1_ASM4974465v1	0
GCA_049744475.1_ASM4974447v1	GCA_049744675.1_ASM4974467v1	0
GCA_049744475.1_ASM4974447v1	GCA_049744695.1_ASM4974469v1	0
GCA_049744475.1_ASM4974447v1	GCA_049744775.1_ASM4974477v1	0
GCA_049744475.1_ASM4974447v1	GCA_049744795.1_ASM4974479v1	1
GCA_049744475.1_ASM4974447v1	GCA_049744815.1_ASM4974481v1	53
GCA_049744475.1_ASM4974447v1	GCA_049744875.1_ASM4974487v1	0
GCA_049744475.1_ASM4974447v1	GCA_049744915.1_ASM4974491v1	58
GCA_049744475.1_ASM4974447v1	GCA_049744935.1_ASM4974493v1	57
GCA_049744475.1_ASM4974447v1	GCA_049744995.1_ASM4974499v1	48
GCA_049744475.1_ASM4974447v1	GCA_049745015.1_ASM4974501v1	49
GCA_049744475.1_ASM4974447v1	GCA_049745055.1_ASM4974505v1	55
GCA_049744475.1_ASM4974447v1	GCA_049745115.1_ASM4974511v1	54
GCA_049744475.1_ASM4974447v1	GCA_049745135.1_ASM4974513v1	61
GCA_049744475.1_ASM4974447v1	GCA_049745155.1_ASM4974515v1	53
GCA_049744475.1_ASM4974447v1	GCA_049745215.1_ASM4974521v1	61
GCA_049744475.1_ASM4974447v1	GCA_049745255.1_ASM4974525v1	60
GCA_049744475.1_ASM4974447v1	GCA_049745275.1_ASM4974527v1	60
GCA_049744475.1_ASM4974447v1	GCA_049745315.1_ASM4974531v1	63
GCA_049744475.1_ASM4974447v1	GCA_049745375.1_ASM4974537v1	58
GCA_049744475.1_ASM4974447v1	GCA_049745395.1_ASM4974539v1	55
GCA_049744535.1_ASM4974453v1	GCA_049744075.1_ASM4974407v1	31
GCA_049744535.1_ASM4974453v1	GCA_049744095.1_ASM4974409v1	51
GCA_049744535.1_ASM4974453v1	GCA_049744115.1_ASM4974411v1	73
GCA_049744535.1_ASM4974453v1	GCA_049744195.1_ASM4974419v1	52
GCA_049744535.1_ASM4974453v1	GCA_049744215.1_ASM4974421v1	48
GCA_049744535.1_ASM4974453v1	GCA_049744235.1_ASM4974423v1	51
GCA_049744535.1_ASM4974453v1	GCA_049744295.1_ASM4974429v1	53
GCA_049744535.1_ASM4974453v1	GCA_049744305.1_ASM4974430v1	49
GCA_049744535.1_ASM4974453v1	GCA_049744355.1_ASM4974435v1	51
GCA_049744535.1_ASM4974453v1	GCA_049744415.1_ASM4974441v1	51
GCA_049744535.1_ASM4974453v1	GCA_049744425.1_ASM4974442v1	51
GCA_049744535.1_ASM4974453v1	GCA_049744475.1_ASM4974447v1	51
GCA_049744535.1_ASM4974453v1	GCA_049744535.1_ASM4974453v1	0
GCA_049744535.1_ASM4974453v1	GCA_049744555.1_ASM4974455v1	51
GCA_049744535.1_ASM4974453v1	GCA_049744575.1_ASM4974457v1	51
GCA_049744535.1_ASM4974453v1	GCA_049744655.1_ASM4974465v1	51
GCA_049744535.1_ASM4974453v1	GCA_049744675.1_ASM4974467v1	51
GCA_049744535.1_ASM4974453v1	GCA_049744695.1_ASM4974469v1	51
GCA_049744535.1_ASM4974453v1	GCA_049744775.1_ASM4974477v1	51
GCA_049744535.1_ASM4974453v1	GCA_049744795.1_ASM4974479v1	52
GCA_049744535.1_ASM4974453v1	GCA_049744815.1_ASM4974481v1	40
GCA_049744535.1_ASM4974453v1	GCA_049744875.1_ASM4974487v1	51
GCA_049744535.1_ASM4974453v1	GCA_049744915.1_ASM4974491v1	63
GCA_049744535.1_ASM4974453v1	GCA_049744935.1_ASM4974493v1	54
GCA_049744535.1_ASM4974453v1	GCA_049744995.1_ASM4974499v1	45
GCA_049744535.1_ASM4974453v1	GCA_049745015.1_ASM4974501v1	54
GCA_049744535.1_ASM4974453v1	GCA_049745055.1_ASM4974505v1	52
GCA_049744535.1_ASM4974453v1	GCA_049745115.1_ASM4974511v1	51
GCA_049744535.1_ASM4974453v1	GCA_049745135.1_ASM4974513v1	58
GCA_049744535.1_ASM4974453v1	GCA_049745155.1_ASM4974515v1	50
GCA_049744535.1_ASM4974453v1	GCA_049745215.1_ASM4974521v1	58
GCA_049744535.1_ASM4974453v1	GCA_049745255.1_ASM4974525v1	57
GCA_049744535.1_ASM4974453v1	GCA_049745275.1_ASM4974527v1	65
GCA_049744535.1_ASM4974453v1	GCA_049745315.1_ASM4974531v1	60
GCA_049744535.1_ASM4974453v1	GCA_049745375.1_ASM4974537v1	63
GCA_049744535.1_ASM4974453v1	GCA_049745395.1_ASM4974539v1	52
GCA_049744555.1_ASM4974455v1	GCA_049744075.1_ASM4974407v1	58
GCA_049744555.1_ASM4974455v1	GCA_049744095.1_ASM4974409v1	0
GCA_049744555.1_ASM4974455v1	GCA_049744115.1_ASM4974411v1	68
GCA_049744555.1_ASM4974455v1	GCA_049744195.1_ASM4974419v1	55
GCA_049744555.1_ASM4974455v1	GCA_049744215.1_ASM4974421v1	51
GCA_049744555.1_ASM4974455v1	GCA_049744235.1_ASM4974423v1	0
GCA_049744555.1_ASM4974455v1	GCA_049744295.1_ASM4974429v1	58
GCA_049744555.1_ASM4974455v1	GCA_049744305.1_ASM4974430v1	36
GCA_049744555.1_ASM4974455v1	GCA_049744355.1_ASM4974435v1	0
GCA_049744555.1_ASM4974455v1	GCA_049744415.1_ASM4974441v1	0
GCA_049744555.1_ASM4974455v1	GCA_049744425.1_ASM4974442v1	0
GCA_049744555.1_ASM4974455v1	GCA_049744475.1_ASM4974447v1	0
GCA_049744555.1_ASM4974455v1	GCA_049744535.1_ASM4974453v1	51
GCA_049744555.1_ASM4974455v1	GCA_049744555.1_ASM4974455v1	0
GCA_049744555.1_ASM4974455v1	GCA_049744575.1_ASM4974457v1	0
GCA_049744555.1_ASM4974455v1	GCA_049744655.1_ASM4974465v1	0
GCA_049744555.1_ASM4974455v1	GCA_049744675.1_ASM4974467v1	0
GCA_049744555.1_ASM4974455v1	GCA_049744695.1_ASM4974469v1	0
GCA_049744555.1_ASM4974455v1	GCA_049744775.1_ASM4974477v1	0
GCA_049744555.1_ASM4974455v1	GCA_049744795.1_ASM4974479v1	1
GCA_049744555.1_ASM4974455v1	GCA_049744815.1_ASM4974481v1	53
GCA_049744555.1_ASM4974455v1	GCA_049744875.1_ASM4974487v1	0
GCA_049744555.1_ASM4974455v1	GCA_049744915.1_ASM4974491v1	58
GCA_049744555.1_ASM4974455v1	GCA_049744935.1_ASM4974493v1	57
GCA_049744555.1_ASM4974455v1	GCA_049744995.1_ASM4974499v1	48
GCA_049744555.1_ASM4974455v1	GCA_049745015.1_ASM4974501v1	49
GCA_049744555.1_ASM4974455v1	GCA_049745055.1_ASM4974505v1	55
GCA_049744555.1_ASM4974455v1	GCA_049745115.1_ASM4974511v1	54
GCA_049744555.1_ASM4974455v1	GCA_049745135.1_ASM4974513v1	61
GCA_049744555.1_ASM4974455v1	GCA_049745155.1_ASM4974515v1	53
GCA_049744555.1_ASM4974455v1	GCA_049745215.1_ASM4974521v1	61
GCA_049744555.1_ASM4974455v1	GCA_049745255.1_ASM4974525v1	60
GCA_049744555.1_ASM4974455v1	GCA_049745275.1_ASM4974527v1	60
GCA_049744555.1_ASM4974455v1	GCA_049745315.1_ASM4974531v1	63
GCA_049744555.1_ASM4974455v1	GCA_049745375.1_ASM4974537v1	58
GCA_049744555.1_ASM4974455v1	GCA_049745395.1_ASM4974539v1	55
GCA_049744575.1_ASM4974457v1	GCA_049744075.1_ASM4974407v1	58
GCA_049744575.1_ASM4974457v1	GCA_049744095.1_ASM4974409v1	0
GCA_049744575.1_ASM4974457v1	GCA_049744115.1_ASM4974411v1	68
GCA_049744575.1_ASM4974457v1	GCA_049744195.1_ASM4974419v1	55
GCA_049744575.1_ASM4974457v1	GCA_049744215.1_ASM4974421v1	51
GCA_049744575.1_ASM4974457v1	GCA_049744235.1_ASM4974423v1	0
GCA_049744575.1_ASM4974457v1	GCA_049744295.1_ASM4974429v1	58
GCA_049744575.1_ASM4974457v1	GCA_049744305.1_ASM4974430v1	36
GCA_049744575.1_ASM4974457v1	GCA_049744355.1_ASM4974435v1	0
GCA_049744575.1_ASM4974457v1	GCA_049744415.1_ASM4974441v1	0
GCA_049744575.1_ASM4974457v1	GCA_049744425.1_ASM4974442v1	0
GCA_049744575.1_ASM4974457v1	GCA_049744475.1_ASM4974447v1	0
GCA_049744575.1_ASM4974457v1	GCA_049744535.1_ASM4974453v1	51
GCA_049744575.1_ASM4974457v1	GCA_049744555.1_ASM4974455v1	0
GCA_049744575.1_ASM4974457v1	GCA_049744575.1_ASM4974457v1	0
GCA_049744575.1_ASM4974457v1	GCA_049744655.1_ASM4974465v1	0
GCA_049744575.1_ASM4974457v1	GCA_049744675.1_ASM4974467v1	0
GCA_049744575.1_ASM4974457v1	GCA_049744695.1_ASM4974469v1	0
GCA_049744575.1_ASM4974457v1	GCA_049744775.1_ASM4974477v1	0
GCA_049744575.1_ASM4974457v1	GCA_049744795.1_ASM4974479v1	1
GCA_049744575.1_ASM4974457v1	GCA_049744815.1_ASM4974481v1	53
GCA_049744575.1_ASM4974457v1	GCA_049744875.1_ASM4974487v1	0
GCA_049744575.1_ASM4974457v1	GCA_049744915.1_ASM4974491v1	58
GCA_049744575.1_ASM4974457v1	GCA_049744935.1_ASM4974493v1	57
GCA_049744575.1_ASM4974457v1	GCA_049744995.1_ASM4974499v1	48
GCA_049744575.1_ASM4974457v1	GCA_049745015.1_ASM4974501v1	49
GCA_049744575.1_ASM4974457v1	GCA_049745055.1_ASM4974505v1	55
GCA_049744575.1_ASM4974457v1	GCA_049745115.1_ASM4974511v1	54
GCA_049744575.1_ASM4974457v1	GCA_049745135.1_ASM4974513v1	61
GCA_049744575.1_ASM4974457v1	GCA_049745155.1_ASM4974515v1	53
GCA_049744575.1_ASM4974457v1	GCA_049745215.1_ASM4974521v1	61
GCA_049744575.1_ASM4974457v1	GCA_049745255.1_ASM4974525v1	60
GCA_049744575.1_ASM4974457v1	GCA_049745275.1_ASM4974527v1	60
GCA_049744575.1_ASM4974457v1	GCA_049745315.1_ASM4974531v1	63
GCA_049744575.1_ASM4974457v1	GCA_049745375.1_ASM4974537v1	58
GCA_049744575.1_ASM4974457v1	GCA_049745395.1_ASM4974539v1	55
GCA_049744655.1_ASM4974465v1	GCA_049744075.1_ASM4974407v1	58
GCA_049744655.1_ASM4974465v1	GCA_049744095.1_ASM4974409v1	0
GCA_049744655.1_ASM4974465v1	GCA_049744115.1_ASM4974411v1	68
GCA_049744655.1_ASM4974465v1	GCA_049744195.1_ASM4974419v1	55
GCA_049744655.1_ASM4974465v1	GCA_049744215.1_ASM4974421v1	51
GCA_049744655.1_ASM4974465v1	GCA_049744235.1_ASM4974423v1	0
GCA_049744655.1_ASM4974465v1	GCA_049744295.1_ASM4974429v1	58
GCA_049744655.1_ASM4974465v1	GCA_049744305.1_ASM4974430v1	36
GCA_049744655.1_ASM4974465v1	GCA_049744355.1_ASM4974435v1	0
GCA_049744655.1_ASM4974465v1	GCA_049744415.1_ASM4974441v1	0
GCA_049744655.1_ASM4974465v1	GCA_049744425.1_ASM4974442v1	0
GCA_049744655.1_ASM4974465v1	GCA_049744475.1_ASM4974447v1	0
GCA_049744655.1_ASM4974465v1	GCA_049744535.1_ASM4974453v1	51
GCA_049744655.1_ASM4974465v1	GCA_049744555.1_ASM4974455v1	0
GCA_049744655.1_ASM4974465v1	GCA_049744575.1_ASM4974457v1	0
GCA_049744655.1_ASM4974465v1	GCA_049744655.1_ASM4974465v1	0
GCA_049744655.1_ASM4974465v1	GCA_049744675.1_ASM4974467v1	0
GCA_049744655.1_ASM4974465v1	GCA_049744695.1_ASM4974469v1	0
GCA_049744655.1_ASM4974465v1	GCA_049744775.1_ASM4974477v1	0
GCA_049744655.1_ASM4974465v1	GCA_049744795.1_ASM4974479v1	1
GCA_049744655.1_ASM4974465v1	GCA_049744815.1_ASM4974481v1	53
GCA_049744655.1_ASM4974465v1	GCA_049744875.1_ASM4974487v1	0
GCA_049744655.1_ASM4974465v1	GCA_049744915.1_ASM4974491v1	58
GCA_049744655.1_ASM4974465v1	GCA_049744935.1_ASM4974493v1	57
GCA_049744655.1_ASM4974465v1	GCA_049744995.1_ASM4974499v1	48
GCA_049744655.1_ASM4974465v1	GCA_049745015.1_ASM4974501v1	49
GCA_049744655.1_ASM4974465v1	GCA_049745055.1_ASM4974505v1	55
GCA_049744655.1_ASM4974465v1	GCA_049745115.1_ASM4974511v1	54
GCA_049744655.1_ASM4974465v1	GCA_049745135.1_ASM4974513v1	61
GCA_049744655.1_ASM4974465v1	GCA_049745155.1_ASM4974515v1	53
GCA_049744655.1_ASM4974465v1	GCA_049745215.1_ASM4974521v1	61
GCA_049744655.1_ASM4974465v1	GCA_049745255.1_ASM4974525v1	60
GCA_049744655.1_ASM4974465v1	GCA_049745275.1_ASM4974527v1	60
GCA_049744655.1_ASM4974465v1	GCA_049745315.1_ASM4974531v1	63
GCA_049744655.1_ASM4974465v1	GCA_049745375.1_ASM4974537v1	58
GCA_049744655.1_ASM4974465v1	GCA_049745395.1_ASM4974539v1	55
GCA_049744675.1_ASM4974467v1	GCA_049744075.1_ASM4974407v1	58
GCA_049744675.1_ASM4974467v1	GCA_049744095.1_ASM4974409v1	0
GCA_049744675.1_ASM4974467v1	GCA_049744115.1_ASM4974411v1	68
GCA_049744675.1_ASM4974467v1	GCA_049744195.1_ASM4974419v1	55
GCA_049744675.1_ASM4974467v1	GCA_049744215.1_ASM4974421v1	51
GCA_049744675.1_ASM4974467v1	GCA_049744235.1_ASM4974423v1	0
GCA_049744675.1_ASM4974467v1	GCA_049744295.1_ASM4974429v1	58
GCA_049744675.1_ASM4974467v1	GCA_049744305.1_ASM4974430v1	36
GCA_049744675.1_ASM4974467v1	GCA_049744355.1_ASM4974435v1	0
GCA_049744675.1_ASM4974467v1	GCA_049744415.1_ASM4974441v1	0
GCA_049744675.1_ASM4974467v1	GCA_049744425.1_ASM4974442v1	0
GCA_049744675.1_ASM4974467v1	GCA_049744475.1_ASM4974447v1	0
GCA_049744675.1_ASM4974467v1	GCA_049744535.1_ASM4974453v1	51
GCA_049744675.1_ASM4974467v1	GCA_049744555.1_ASM4974455v1	0
GCA_049744675.1_ASM4974467v1	GCA_049744575.1_ASM4974457v1	0
GCA_049744675.1_ASM4974467v1	GCA_049744655.1_ASM4974465v1	0
GCA_049744675.1_ASM4974467v1	GCA_049744675.1_ASM4974467v1	0
GCA_049744675.1_ASM4974467v1	GCA_049744695.1_ASM4974469v1	0
GCA_049744675.1_ASM4974467v1	GCA_049744775.1_ASM4974477v1	0
GCA_049744675.1_ASM4974467v1	GCA_049744795.1_ASM4974479v1	1
GCA_049744675.1_ASM4974467v1	GCA_049744815.1_ASM4974481v1	53
GCA_049744675.1_ASM4974467v1	GCA_049744875.1_ASM4974487v1	0
GCA_049744675.1_ASM4974467v1	GCA_049744915.1_ASM4974491v1	58
GCA_049744675.1_ASM4974467v1	GCA_049744935.1_ASM4974493v1	57
GCA_049744675.1_ASM4974467v1	GCA_049744995.1_ASM4974499v1	48
GCA_049744675.1_ASM4974467v1	GCA_049745015.1_ASM4974501v1	49
GCA_049744675.1_ASM4974467v1	GCA_049745055.1_ASM4974505v1	55
GCA_049744675.1_ASM4974467v1	GCA_049745115.1_ASM4974511v1	54
GCA_049744675.1_ASM4974467v1	GCA_049745135.1_ASM4974513v1	61
GCA_049744675.1_ASM4974467v1	GCA_049745155.1_ASM4974515v1	53
GCA_049744675.1_ASM4974467v1	GCA_049745215.1_ASM4974521v1	61
GCA_049744675.1_ASM4974467v1	GCA_049745255.1_ASM4974525v1	60
GCA_049744675.1_ASM4974467v1	GCA_049745275.1_ASM4974527v1	60
GCA_049744675.1_ASM4974467v1	GCA_049745315.1_ASM4974531v1	63
GCA_049744675.1_ASM4974467v1	GCA_049745375.1_ASM4974537v1	58
GCA_049744675.1_ASM4974467v1	GCA_049745395.1_ASM4974539v1	55
GCA_049744695.1_ASM4974469v1	GCA_049744075.1_ASM4974407v1	58
GCA_049744695.1_ASM4974469v1	GCA_049744095.1_ASM4974409v1	0
GCA_049744695.1_ASM4974469v1	GCA_049744115.1_ASM4974411v1	68
GCA_049744695.1_ASM4974469v1	GCA_049744195.1_ASM4974419v1	55
GCA_049744695.1_ASM4974469v1	GCA_049744215.1_ASM4974421v1	51
GCA_049744695.1_ASM4974469v1	GCA_049744235.1_ASM4974423v1	0
GCA_049744695.1_ASM4974469v1	GCA_049744295.1_ASM4974429v1	58
GCA_049744695.1_ASM4974469v1	GCA_049744305.1_ASM4974430v1	36
GCA_049744695.1_ASM4974469v1	GCA_049744355.1_ASM4974435v1	0
GCA_049744695.1_ASM4974469v1	GCA_049744415.1_ASM4974441v1	0
GCA_049744695.1_ASM4974469v1	GCA_049744425.1_ASM4974442v1	0
GCA_049744695.1_ASM4974469v1	GCA_049744475.1_ASM4974447v1	0
GCA_049744695.1_ASM4974469v1	GCA_049744535.1_ASM4974453v1	51
GCA_049744695.1_ASM4974469v1	GCA_049744555.1_ASM4974455v1	0
GCA_049744695.1_ASM4974469v1	GCA_049744575.1_ASM4974457v1	0
GCA_049744695.1_ASM4974469v1	GCA_049744655.1_ASM4974465v1	0
GCA_049744695.1_ASM4974469v1	GCA_049744675.1_ASM4974467v1	0
GCA_049744695.1_ASM4974469v1	GCA_049744695.1_ASM4974469v1	0
GCA_049744695.1_ASM4974469v1	GCA_049744775.1_ASM4974477v1	0
GCA_049744695.1_ASM4974469v1	GCA_049744795.1_ASM4974479v1	1
GCA_049744695.1_ASM4974469v1	GCA_049744815.1_ASM4974481v1	53
GCA_049744695.1_ASM4974469v1	GCA_049744875.1_ASM4974487v1	0
GCA_049744695.1_ASM4974469v1	GCA_049744915.1_ASM4974491v1	58
GCA_049744695.1_ASM4974469v1	GCA_049744935.1_ASM4974493v1	57
GCA_049744695.1_ASM4974469v1	GCA_049744995.1_ASM4974499v1	48
GCA_049744695.1_ASM4974469v1	GCA_049745015.1_ASM4974501v1	49
GCA_049744695.1_ASM4974469v1	GCA_049745055.1_ASM4974505v1	55
GCA_049744695.1_ASM4974469v1	GCA_049745115.1_ASM4974511v1	54
GCA_049744695.1_ASM4974469v1	GCA_049745135.1_ASM4974513v1	61
GCA_049744695.1_ASM4974469v1	GCA_049745155.1_ASM4974515v1	53
GCA_049744695.1_ASM4974469v1	GCA_049745215.1_ASM4974521v1	61
GCA_049744695.1_ASM4974469v1	GCA_049745255.1_ASM4974525v1	60
GCA_049744695.1_ASM4974469v1	GCA_049745275.1_ASM4974527v1	60
GCA_049744695.1_ASM4974469v1	GCA_049745315.1_ASM4974531v1	63
GCA_049744695.1_ASM4974469v1	GCA_049745375.1_ASM4974537v1	58
GCA_049744695.1_ASM4974469v1	GCA_049745395.1_ASM4974539v1	55
GCA_049744775.1_ASM4974477v1	GCA_049744075.1_ASM4974407v1	58
GCA_049744775.1_ASM4974477v1	GCA_049744095.1_ASM4974409v1	0
GCA_049744775.1_ASM4974477v1	GCA_049744115.1_ASM4974411v1	68
GCA_049744775.1_ASM4974477v1	GCA_049744195.1_ASM4974419v1	55
GCA_049744775.1_ASM4974477v1	GCA_049744215.1_ASM4974421v1	51
GCA_049744775.1_ASM4974477v1	GCA_049744235.1_ASM4974423v1	0
GCA_049744775.1_ASM4974477v1	GCA_049744295.1_ASM4974429v1	58
GCA_049744775.1_ASM4974477v1	GCA_049744305.1_ASM4974430v1	36
GCA_049744775.1_ASM4974477v1	GCA_049744355.1_ASM4974435v1	0
GCA_049744775.1_ASM4974477v1	GCA_049744415.1_ASM4974441v1	0
GCA_049744775.1_ASM4974477v1	GCA_049744425.1_ASM4974442v1	0
GCA_049744775.1_ASM4974477v1	GCA_049744475.1_ASM4974447v1	0
GCA_049744775.1_ASM4974477v1	GCA_049744535.1_ASM4974453v1	51
GCA_049744775.1_ASM4974477v1	GCA_049744555.1_ASM4974455v1	0
GCA_049744775.1_ASM4974477v1	GCA_049744575.1_ASM4974457v1	0
GCA_049744775.1_ASM4974477v1	GCA_049744655.1_ASM4974465v1	0
GCA_049744775.1_ASM4974477v1	GCA_049744675.1_ASM4974467v1	0
GCA_049744775.1_ASM4974477v1	GCA_049744695.1_ASM4974469v1	0
GCA_049744775.1_ASM4974477v1	GCA_049744775.1_ASM4974477v1	0
GCA_049744775.1_ASM4974477v1	GCA_049744795.1_ASM4974479v1	1
GCA_049744775.1_ASM4974477v1	GCA_049744815.1_ASM4974481v1	53
GCA_049744775.1_ASM4974477v1	GCA_049744875.1_ASM4974487v1	0
GCA_049744775.1_ASM4974477v1	GCA_049744915.1_ASM4974491v1	58
GCA_049744775.1_ASM4974477v1	GCA_049744935.1_ASM4974493v1	57
GCA_049744775.1_ASM4974477v1	GCA_049744995.1_ASM4974499v1	48
GCA_049744775.1_ASM4974477v1	GCA_049745015.1_ASM4974501v1	49
GCA_049744775.1_ASM4974477v1	GCA_049745055.1_ASM4974505v1	55
GCA_049744775.1_ASM4974477v1	GCA_049745115.1_ASM4974511v1	54
GCA_049744775.1_ASM4974477v1	GCA_049745135.1_ASM4974513v1	61
GCA_049744775.1_ASM4974477v1	GCA_049745155.1_ASM4974515v1	53
GCA_049744775.1_ASM4974477v1	GCA_049745215.1_ASM4974521v1	61
GCA_049744775.1_ASM4974477v1	GCA_049745255.1_ASM4974525v1	60
GCA_049744775.1_ASM4974477v1	GCA_049745275.1_ASM4974527v1	60
GCA_049744775.1_ASM4974477v1	GCA_049745315.1_ASM4974531v1	63
GCA_049744775.1_ASM4974477v1	GCA_049745375.1_ASM4974537v1	58
GCA_049744775.1_ASM4974477v1	GCA_049745395.1_ASM4974539v1	55
GCA_049744795.1_ASM4974479v1	GCA_049744075.1_ASM4974407v1	59
GCA_049744795.1_ASM4974479v1	GCA_049744095.1_ASM4974409v1	1
GCA_049744795.1_ASM4974479v1	GCA_049744115.1_ASM4974411v1	69
GCA_049744795.1_ASM4974479v1	GCA_049744195.1_ASM4974419v1	56
GCA_049744795.1_ASM4974479v1	GCA_049744215.1_ASM4974421v1	52
GCA_049744795.1_ASM4974479v1	GCA_049744235.1_ASM4974423v1	1
GCA_049744795.1_ASM4974479v1	GCA_049744295.1_ASM4974429v1	59
GCA_049744795.1_ASM4974479v1	GCA_049744305.1_ASM4974430v1	37
GCA_049744795.1_ASM4974479v1	GCA_049744355.1_ASM4974435v1	1
GCA_049744795.1_ASM4974479v1	GCA_049744415.1_ASM4974441v1	1
GCA_049744795.1_ASM4974479v1	GCA_049744425.1_ASM4974442v1	1
GCA_049744795.1_ASM4974479v1	GCA_049744475.1_ASM4974447v1	1
GCA_049744795.1_ASM4974479v1	GCA_049744535.1_ASM4974453v1	52
GCA_049744795.1_ASM4974479v1	GCA_049744555.1_ASM4974455v1	1
GCA_049744795.1_ASM4974479v1	GCA_049744575.1_ASM4974457v1	1
GCA_049744795.1_ASM4974479v1	GCA_049744655.1_ASM4974465v1	1
GCA_049744795.1_ASM4974479v1	GCA_049744675.1_ASM4974467v1	1
GCA_049744795.1_ASM4974479v1	GCA_049744695.1_ASM4974469v1	1
GCA_049744795.1_ASM4974479v1	GCA_049744775.1_ASM4974477v1	1
GCA_049744795.1_ASM4974479v1	GCA_049744795.1_ASM4974479v1	0
GCA_049744795.1_ASM4974479v1	GCA_049744815.1_ASM4974481v1	54
GCA_049744795.1_ASM4974479v1	GCA_049744875.1_ASM4974487v1	1
GCA_049744795.1_ASM4974479v1	GCA_049744915.1_ASM4974491v1	59
GCA_049744795.1_ASM4974479v1	GCA_049744935.1_ASM4974493v1	58
GCA_049744795.1_ASM4974479v1	GCA_049744995.1_ASM4974499v1	49
GCA_049744795.1_ASM4974479v1	GCA_049745015.1_ASM4974501v1	50
GCA_049744795.1_ASM4974479v1	GCA_049745055.1_ASM4974505v1	56
GCA_049744795.1_ASM4974479v1	GCA_049745115.1_ASM4974511v1	55
GCA_049744795.1_ASM4974479v1	GCA_049745135.1_ASM4974513v1	62
GCA_049744795.1_ASM4974479v1	GCA_049745155.1_ASM4974515v1	54
GCA_049744795.1_ASM4974479v1	GCA_049745215.1_ASM4974521v1	62
GCA_049744795.1_ASM4974479v1	GCA_049745255.1_ASM4974525v1	61
GCA_049744795.1_ASM4974479v1	GCA_049745275.1_ASM4974527v1	61
GCA_049744795.1_ASM4974479v1	GCA_049745315.1_ASM4974531v1	64
GCA_049744795.1_ASM4974479v1	GCA_049745375.1_ASM4974537v1	59
GCA_049744795.1_ASM4974479v1	GCA_049745395.1_ASM4974539v1	56
GCA_049744815.1_ASM4974481v1	GCA_049744075.1_ASM4974407v1	45
GCA_049744815.1_ASM4974481v1	GCA_049744095.1_ASM4974409v1	53
GCA_049744815.1_ASM4974481v1	GCA_049744115.1_ASM4974411v1	75
GCA_049744815.1_ASM4974481v1	GCA_049744195.1_ASM4974419v1	54
GCA_049744815.1_ASM4974481v1	GCA_049744215.1_ASM4974421v1	50
GCA_049744815.1_ASM4974481v1	GCA_049744235.1_ASM4974423v1	53
GCA_049744815.1_ASM4974481v1	GCA_049744295.1_ASM4974429v1	54
GCA_049744815.1_ASM4974481v1	GCA_049744305.1_ASM4974430v1	51
GCA_049744815.1_ASM4974481v1	GCA_049744355.1_ASM4974435v1	53
GCA_049744815.1_ASM4974481v1	GCA_049744415.1_ASM4974441v1	53
GCA_049744815.1_ASM4974481v1	GCA_049744425.1_ASM4974442v1	53
GCA_049744815.1_ASM4974481v1	GCA_049744475.1_ASM4974447v1	53
GCA_049744815.1_ASM4974481v1	GCA_049744535.1_ASM4974453v1	40
GCA_049744815.1_ASM4974481v1	GCA_049744555.1_ASM4974455v1	53
GCA_049744815.1_ASM4974481v1	GCA_049744575.1_ASM4974457v1	53
GCA_049744815.1_ASM4974481v1	GCA_049744655.1_ASM4974465v1	53
GCA_049744815.1_ASM4974481v1	GCA_049744675.1_ASM4974467v1	53
GCA_049744815.1_ASM4974481v1	GCA_049744695.1_ASM4974469v1	53
GCA_049744815.1_ASM4974481v1	GCA_049744775.1_ASM4974477v1	53
GCA_049744815.1_ASM4974481v1	GCA_049744795.1_ASM4974479v1	54
GCA_049744815.1_ASM4974481v1	GCA_049744815.1_ASM4974481v1	0
GCA_049744815.1_ASM4974481v1	GCA_049744875.1_ASM4974487v1	53
GCA_049744815.1_ASM4974481v1	GCA_049744915.1_ASM4974491v1	65
GCA_049744815.1_ASM4974481v1	GCA_049744935.1_ASM4974493v1	56
GCA_049744815.1_ASM4974481v1	GCA_049744995.1_ASM4974499v1	47
GCA_049744815.1_ASM4974481v1	GCA_049745015.1_ASM4974501v1	56
GCA_049744815.1_ASM4974481v1	GCA_049745055.1_ASM4974505v1	54
GCA_049744815.1_ASM4974481v1	GCA_049745115.1_ASM4974511v1	53
GCA_049744815.1_ASM4974481v1	GCA_049745135.1_ASM4974513v1	60
GCA_049744815.1_ASM4974481v1	GCA_049745155.1_ASM4974515v1	52
GCA_049744815.1_ASM4974481v1	GCA_049745215.1_ASM4974521v1	60
GCA_049744815.1_ASM4974481v1	GCA_049745255.1_ASM4974525v1	59
GCA_049744815.1_ASM4974481v1	GCA_049745275.1_ASM4974527v1	67
GCA_049744815.1_ASM4974481v1	GCA_049745315.1_ASM4974531v1	62
GCA_049744815.1_ASM4974481v1	GCA_049745375.1_ASM4974537v1	65
GCA_049744815.1_ASM4974481v1	GCA_049745395.1_ASM4974539v1	54
GCA_049744875.1_ASM4974487v1	GCA_049744075.1_ASM4974407v1	58
GCA_049744875.1_ASM4974487v1	GCA_049744095.1_ASM4974409v1	0
GCA_049744875.1_ASM4974487v1	GCA_049744115.1_ASM4974411v1	68
GCA_049744875.1_ASM4974487v1	GCA_049744195.1_ASM4974419v1	55
GCA_049744875.1_ASM4974487v1	GCA_049744215.1_ASM4974421v1	51
GCA_049744875.1_ASM4974487v1	GCA_049744235.1_ASM4974423v1	0
GCA_049744875.1_ASM4974487v1	GCA_049744295.1_ASM4974429v1	58
GCA_049744875.1_ASM4974487v1	GCA_049744305.1_ASM4974430v1	36
GCA_049744875.1_ASM4974487v1	GCA_049744355.1_ASM4974435v1	0
GCA_049744875.1_ASM4974487v1	GCA_049744415.1_ASM4974441v1	0
GCA_049744875.1_ASM4974487v1	GCA_049744425.1_ASM4974442v1	0
GCA_049744875.1_ASM4974487v1	GCA_049744475.1_ASM4974447v1	0
GCA_049744875.1_ASM4974487v1	GCA_049744535.1_ASM4974453v1	51
GCA_049744875.1_ASM4974487v1	GCA_049744555.1_ASM4974455v1	0
GCA_049744875.1_ASM4974487v1	GCA_049744575.1_ASM4974457v1	0
GCA_049744875.1_ASM4974487v1	GCA_049744655.1_ASM4974465v1	0
GCA_049744875.1_ASM4974487v1	GCA_049744675.1_ASM4974467v1	0
GCA_049744875.1_ASM4974487v1	GCA_049744695.1_ASM4974469v1	0
GCA_049744875.1_ASM4974487v1	GCA_049744775.1_ASM4974477v1	0
GCA_049744875.1_ASM4974487v1	GCA_049744795.1_ASM4974479v1	1
GCA_049744875.1_ASM4974487v1	GCA_049744815.1_ASM4974481v1	53
GCA_049744875.1_ASM4974487v1	GCA_049744875.1_ASM4974487v1	0
GCA_049744875.1_ASM4974487v1	GCA_049744915.1_ASM4974491v1	58
GCA_049744875.1_ASM4974487v1	GCA_049744935.1_ASM4974493v1	57
GCA_049744875.1_ASM4974487v1	GCA_049744995.1_ASM4974499v1	48
GCA_049744875.1_ASM4974487v1	GCA_049745015.1_ASM4974501v1	49
GCA_049744875.1_ASM4974487v1	GCA_049745055.1_ASM4974505v1	55
GCA_049744875.1_ASM4974487v1	GCA_049745115.1_ASM4974511v1	54
GCA_049744875.1_ASM4974487v1	GCA_049745135.1_ASM4974513v1	61
GCA_049744875.1_ASM4974487v1	GCA_049745155.1_ASM4974515v1	53
GCA_049744875.1_ASM4974487v1	GCA_049745215.1_ASM4974521v1	61
GCA_049744875.1_ASM4974487v1	GCA_049745255.1_ASM4974525v1	60
GCA_049744875.1_ASM4974487v1	GCA_049745275.1_ASM4974527v1	60
GCA_049744875.1_ASM4974487v1	GCA_049745315.1_ASM4974531v1	63
GCA_049744875.1_ASM4974487v1	GCA_049745375.1_ASM4974537v1	58
GCA_049744875.1_ASM4974487v1	GCA_049745395.1_ASM4974539v1	55
GCA_049744915.1_ASM4974491v1	GCA_049744075.1_ASM4974407v1	70
GCA_049744915.1_ASM4974491v1	GCA_049744095.1_ASM4974409v1	58
GCA_049744915.1_ASM4974491v1	GCA_049744115.1_ASM4974411v1	80
GCA_049744915.1_ASM4974491v1	GCA_049744195.1_ASM4974419v1	67
GCA_049744915.1_ASM4974491v1	GCA_049744215.1_ASM4974421v1	63
GCA_049744915.1_ASM4974491v1	GCA_049744235.1_ASM4974423v1	58
GCA_049744915.1_ASM4974491v1	GCA_049744295.1_ASM4974429v1	70
GCA_049744915.1_ASM4974491v1	GCA_049744305.1_ASM4974430v1	56
GCA_049744915.1_ASM4974491v1	GCA_049744355.1_ASM4974435v1	58
GCA_049744915.1_ASM4974491v1	GCA_049744415.1_ASM4974441v1	58
GCA_049744915.1_ASM4974491v1	GCA_049744425.1_ASM4974442v1	58
GCA_049744915.1_ASM4974491v1	GCA_049744475.1_ASM4974447v1	58
GCA_049744915.1_ASM4974491v1	GCA_049744535.1_ASM4974453v1	63
GCA_049744915.1_ASM4974491v1	GCA_049744555.1_ASM4974455v1	58
GCA_049744915.1_ASM4974491v1	GCA_049744575.1_ASM4974457v1	58
GCA_049744915.1_ASM4974491v1	GCA_049744655.1_ASM4974465v1	58
GCA_049744915.1_ASM4974491v1	GCA_049744675.1_ASM4974467v1	58
GCA_049744915.1_ASM4974491v1	GCA_049744695.1_ASM4974469v1	58
GCA_049744915.1_ASM4974491v1	GCA_049744775.1_ASM4974477v1	58
GCA_049744915.1_ASM4974491v1	GCA_049744795.1_ASM4974479v1	59
GCA_049744915.1_ASM4974491v1	GCA_049744815.1_ASM4974481v1	65
GCA_049744915.1_ASM4974491v1	GCA_049744875.1_ASM4974487v1	58
GCA_049744915.1_ASM4974491v1	GCA_049744915.1_ASM4974491v1	0
GCA_049744915.1_ASM4974491v1	GCA_049744935.1_ASM4974493v1	69
GCA_049744915.1_ASM4974491v1	GCA_049744995.1_ASM4974499v1	60
GCA_049744915.1_ASM4974491v1	GCA_049745015.1_ASM4974501v1	11
GCA_049744915.1_ASM4974491v1	GCA_049745055.1_ASM4974505v1	67
GCA_049744915.1_ASM4974491v1	GCA_049745115.1_ASM4974511v1	66
GCA_049744915.1_ASM4974491v1	GCA_049745135.1_ASM4974513v1	73
GCA_049744915.1_ASM4974491v1	GCA_049745155.1_ASM4974515v1	65
GCA_049744915.1_ASM4974491v1	GCA_049745215.1_ASM4974521v1	73
GCA_049744915.1_ASM4974491v1	GCA_049745255.1_ASM4974525v1	72
GCA_049744915.1_ASM4974491v1	GCA_049745275.1_ASM4974527v1	30
GCA_049744915.1_ASM4974491v1	GCA_049745315.1_ASM4974531v1	75
GCA_049744915.1_ASM4974491v1	GCA_049745375.1_ASM4974537v1	0
GCA_049744915.1_ASM4974491v1	GCA_049745395.1_ASM4974539v1	67
GCA_049744935.1_ASM4974493v1	GCA_049744075.1_ASM4974407v1	61
GCA_049744935.1_ASM4974493v1	GCA_049744095.1_ASM4974409v1	57
GCA_049744935.1_ASM4974493v1	GCA_049744115.1_ASM4974411v1	79
GCA_049744935.1_ASM4974493v1	GCA_049744195.1_ASM4974419v1	58
GCA_049744935.1_ASM4974493v1	GCA_049744215.1_ASM4974421v1	36
GCA_049744935.1_ASM4974493v1	GCA_049744235.1_ASM4974423v1	57
GCA_049744935.1_ASM4974493v1	GCA_049744295.1_ASM4974429v1	61
GCA_049744935.1_ASM4974493v1	GCA_049744305.1_ASM4974430v1	55
GCA_049744935.1_ASM4974493v1	GCA_049744355.1_ASM4974435v1	57
GCA_049744935.1_ASM4974493v1	GCA_049744415.1_ASM4974441v1	57
GCA_049744935.1_ASM4974493v1	GCA_049744425.1_ASM4974442v1	57
GCA_049744935.1_ASM4974493v1	GCA_049744475.1_ASM4974447v1	57
GCA_049744935.1_ASM4974493v1	GCA_049744535.1_ASM4974453v1	54
GCA_049744935.1_ASM4974493v1	GCA_049744555.1_ASM4974455v1	57
GCA_049744935.1_ASM4974493v1	GCA_049744575.1_ASM4974457v1	57
GCA_049744935.1_ASM4974493v1	GCA_049744655.1_ASM4974465v1	57
GCA_049744935.1_ASM4974493v1	GCA_049744675.1_ASM4974467v1	57
GCA_049744935.1_ASM4974493v1	GCA_049744695.1_ASM4974469v1	57
GCA_049744935.1_ASM4974493v1	GCA_049744775.1_ASM4974477v1	57
GCA_049744935.1_ASM4974493v1	GCA_049744795.1_ASM4974479v1	58
GCA_049744935.1_ASM4974493v1	GCA_049744815.1_ASM4974481v1	56
GCA_049744935.1_ASM4974493v1	GCA_049744875.1_ASM4974487v1	57
GCA_049744935.1_ASM4974493v1	GCA_049744915.1_ASM4974491v1	69
GCA_049744935.1_ASM4974493v1	GCA_049744935.1_ASM4974493v1	0
GCA_049744935.1_ASM4974493v1	GCA_049744995.1_ASM4974499v1	51
GCA_049744935.1_ASM4974493v1	GCA_049745015.1_ASM4974501v1	60
GCA_049744935.1_ASM4974493v1	GCA_049745055.1_ASM4974505v1	40
GCA_049744935.1_ASM4974493v1	GCA_049745115.1_ASM4974511v1	9
GCA_049744935.1_ASM4974493v1	GCA_049745135.1_ASM4974513v1	46
GCA_049744935.1_ASM4974493v1	GCA_049745155.1_ASM4974515v1	38
GCA_049744935.1_ASM4974493v1	GCA_049745215.1_ASM4974521v1	46
GCA_049744935.1_ASM4974493v1	GCA_049745255.1_ASM4974525v1	15
GCA_049744935.1_ASM4974493v1	GCA_049745275.1_ASM4974527v1	71
GCA_049744935.1_ASM4974493v1	GCA_049745315.1_ASM4974531v1	24
GCA_049744935.1_ASM4974493v1	GCA_049745375.1_ASM4974537v1	69
GCA_049744935.1_ASM4974493v1	GCA_049745395.1_ASM4974539v1	40
GCA_049744995.1_ASM4974499v1	GCA_049744075.1_ASM4974407v1	52
GCA_049744995.1_ASM4974499v1	GCA_049744095.1_ASM4974409v1	48
GCA_049744995.1_ASM4974499v1	GCA_049744115.1_ASM4974411v1	70
GCA_049744995.1_ASM4974499v1	GCA_049744195.1_ASM4974419v1	15
GCA_049744995.1_ASM4974499v1	GCA_049744215.1_ASM4974421v1	45
GCA_049744995.1_ASM4974499v1	GCA_049744235.1_ASM4974423v1	48
GCA_049744995.1_ASM4974499v1	GCA_049744295.1_ASM4974429v1	52
GCA_049744995.1_ASM4974499v1	GCA_049744305.1_ASM4974430v1	46
GCA_049744995.1_ASM4974499v1	GCA_049744355.1_ASM4974435v1	48
GCA_049744995.1_ASM4974499v1	GCA_049744415.1_ASM4974441v1	48
GCA_049744995.1_ASM4974499v1	GCA_049744425.1_ASM4974442v1	48
GCA_049744995.1_ASM4974499v1	GCA_049744475.1_ASM4974447v1	48
GCA_049744995.1_ASM4974499v1	GCA_049744535.1_ASM4974453v1	45
GCA_049744995.1_ASM4974499v1	GCA_049744555.1_ASM4974455v1	48
GCA_049744995.1_ASM4974499v1	GCA_049744575.1_ASM4974457v1	48
GCA_049744995.1_ASM4974499v1	GCA_049744655.1_ASM4974465v1	48
GCA_049744995.1_ASM4974499v1	GCA_049744675.1_ASM4974467v1	48
GCA_049744995.1_ASM4974499v1	GCA_049744695.1_ASM4974469v1	48
GCA_049744995.1_ASM4974499v1	GCA_049744775.1_ASM4974477v1	48
GCA_049744995.1_ASM4974499v1	GCA_049744795.1_ASM4974479v1	49
GCA_049744995.1_ASM4974499v1	GCA_049744815.1_ASM4974481v1	47
GCA_049744995.1_ASM4974499v1	GCA_049744875.1_ASM4974487v1	48
GCA_049744995.1_ASM4974499v1	GCA_049744915.1_ASM4974491v1	60
GCA_049744995.1_ASM4974499v1	GCA_049744935.1_ASM4974493v1	51
GCA_049744995.1_ASM4974499v1	GCA_049744995.1_ASM4974499v1	0
GCA_049744995.1_ASM4974499v1	GCA_049745015.1_ASM4974501v1	51
GCA_049744995.1_ASM4974499v1	GCA_049745055.1_ASM4974505v1	49
GCA_049744995.1_ASM4974499v1	GCA_049745115.1_ASM4974511v1	48
GCA_049744995.1_ASM4974499v1	GCA_049745135.1_ASM4974513v1	55
GCA_049744995.1_ASM4974499v1	GCA_049745155.1_ASM4974515v1	47
GCA_049744995.1_ASM4974499v1	GCA_049745215.1_ASM4974521v1	55
GCA_049744995.1_ASM4974499v1	GCA_049745255.1_ASM4974525v1	54
GCA_049744995.1_ASM4974499v1	GCA_049745275.1_ASM4974527v1	62
GCA_049744995.1_ASM4974499v1	GCA_049745315.1_ASM4974531v1	57
GCA_049744995.1_ASM4974499v1	GCA_049745375.1_ASM4974537v1	60
GCA_049744995.1_ASM4974499v1	GCA_049745395.1_ASM4974539v1	49
GCA_049745015.1_ASM4974501v1	GCA_049744075.1_ASM4974407v1	61
GCA_049745015.1_ASM4974501v1	GCA_049744095.1_ASM4974409v1	49
GCA_049745015.1_ASM4974501v1	GCA_049744115.1_ASM4974411v1	71
GCA_049745015.1_ASM4974501v1	GCA_049744195.1_ASM4974419v1	58
GCA_049745015.1_ASM4974501v1	GCA_049744215.1_ASM4974421v1	54
GCA_049745015.1_ASM4974501v1	GCA_049744235.1_ASM4974423v1	49
GCA_049745015.1_ASM4974501v1	GCA_049744295.1_ASM4974429v1	61
GCA_049745015.1_ASM4974501v1	GCA_049744305.1_ASM4974430v1	47
GCA_049745015.1_ASM4974501v1	GCA_049744355.1_ASM4974435v1	49
GCA_049745015.1_ASM4974501v1	GCA_049744415.1_ASM4974441v1	49
GCA_049745015.1_ASM4974501v1	GCA_049744425.1_ASM4974442v1	49
GCA_049745015.1_ASM4974501v1	GCA_049744475.1_ASM4974447v1	49
GCA_049745015.1_ASM4974501v1	GCA_049744535.1_ASM4974453v1	54
GCA_049745015.1_ASM4974501v1	GCA_049744555.1_ASM4974455v1	49
GCA_049745015.1_ASM4974501v1	GCA_049744575.1_ASM4974457v1	49
GCA_049745015.1_ASM4974501v1	GCA_049744655.1_ASM4974465v1	49
GCA_049745015.1_ASM4974501v1	GCA_049744675.1_ASM4974467v1	49
GCA_049745015.1_ASM4974501v1	GCA_049744695.1_ASM4974469v1	49
GCA_049745015.1_ASM4974501v1	GCA_049744775.1_ASM4974477v1	49
GCA_049745015.1_ASM4974501v1	GCA_049744795.1_ASM4974479v1	50
GCA_049745015.1_ASM4974501v1	GCA_049744815.1_ASM4974481v1	56
GCA_049745015.1_ASM4974501v1	GCA_049744875.1_ASM4974487v1	49
GCA_049745015.1_ASM4974501v1	GCA_049744915.1_ASM4974491v1	11
GCA_049745015.1_ASM4974501v1	GCA_049744935.1_ASM4974493v1	60
GCA_049745015.1_ASM4974501v1	GCA_049744995.1_ASM4974499v1	51
GCA_049745015.1_ASM4974501v1	GCA_049745015.1_ASM4974501v1	0
GCA_049745015.1_ASM4974501v1	GCA_049745055.1_ASM4974505v1	58
GCA_049745015.1_ASM4974501v1	GCA_049745115.1_ASM4974511v1	57
GCA_049745015.1_ASM4974501v1	GCA_049745135.1_ASM4974513v1	64
GCA_049745015.1_ASM4974501v1	GCA_049745155.1_ASM4974515v1	56
GCA_049745015.1_ASM4974501v1	GCA_049745215.1_ASM4974521v1	64
GCA_049745015.1_ASM4974501v1	GCA_049745255.1_ASM4974525v1	63
GCA_049745015.1_ASM4974501v1	GCA_049745275.1_ASM4974527v1	21
GCA_049745015.1_ASM4974501v1	GCA_049745315.1_ASM4974531v1	66
GCA_049745015.1_ASM4974501v1	GCA_049745375.1_ASM4974537v1	11
GCA_049745015.1_ASM4974501v1	GCA_049745395.1_ASM4974539v1	58
GCA_049745055.1_ASM4974505v1	GCA_049744075.1_ASM4974407v1	59
GCA_049745055.1_ASM4974505v1	GCA_049744095.1_ASM4974409v1	55
GCA_049745055.1_ASM4974505v1	GCA_049744115.1_ASM4974411v1	77
GCA_049745055.1_ASM4974505v1	GCA_049744195.1_ASM4974419v1	56
GCA_049745055.1_ASM4974505v1	GCA_049744215.1_ASM4974421v1	12
GCA_049745055.1_ASM4974505v1	GCA_049744235.1_ASM4974423v1	55
GCA_049745055.1_ASM4974505v1	GCA_049744295.1_ASM4974429v1	59
GCA_049745055.1_ASM4974505v1	GCA_049744305.1_ASM4974430v1	53
GCA_049745055.1_ASM4974505v1	GCA_049744355.1_ASM4974435v1	55
GCA_049745055.1_ASM4974505v1	GCA_049744415.1_ASM4974441v1	55
GCA_049745055.1_ASM4974505v1	GCA_049744425.1_ASM4974442v1	55
GCA_049745055.1_ASM4974505v1	GCA_049744475.1_ASM4974447v1	55
GCA_049745055.1_ASM4974505v1	GCA_049744535.1_ASM4974453v1	52
GCA_049745055.1_ASM4974505v1	GCA_049744555.1_ASM4974455v1	55
GCA_049745055.1_ASM4974505v1	GCA_049744575.1_ASM4974457v1	55
GCA_049745055.1_ASM4974505v1	GCA_049744655.1_ASM4974465v1	55
GCA_049745055.1_ASM4974505v1	GCA_049744675.1_ASM4974467v1	55
GCA_049745055.1_ASM4974505v1	GCA_049744695.1_ASM4974469v1	55
GCA_049745055.1_ASM4974505v1	GCA_049744775.1_ASM4974477v1	55
GCA_049745055.1_ASM4974505v1	GCA_049744795.1_ASM4974479v1	56
GCA_049745055.1_ASM4974505v1	GCA_049744815.1_ASM4974481v1	54
GCA_049745055.1_ASM4974505v1	GCA_049744875.1_ASM4974487v1	55
GCA_049745055.1_ASM4974505v1	GCA_049744915.1_ASM4974491v1	67
GCA_049745055.1_ASM4974505v1	GCA_049744935.1_ASM4974493v1	40
GCA_049745055.1_ASM4974505v1	GCA_049744995.1_ASM4974499v1	49
GCA_049745055.1_ASM4974505v1	GCA_049745015.1_ASM4974501v1	58
GCA_049745055.1_ASM4974505v1	GCA_049745055.1_ASM4974505v1	0
GCA_049745055.1_ASM4974505v1	GCA_049745115.1_ASM4974511v1	37
GCA_049745055.1_ASM4974505v1	GCA_049745135.1_ASM4974513v1	24
GCA_049745055.1_ASM4974505v1	GCA_049745155.1_ASM4974515v1	20
GCA_049745055.1_ASM4974505v1	GCA_049745215.1_ASM4974521v1	24
GCA_049745055.1_ASM4974505v1	GCA_049745255.1_ASM4974525v1	43
GCA_049745055.1_ASM4974505v1	GCA_049745275.1_ASM4974527v1	69
GCA_049745055.1_ASM4974505v1	GCA_049745315.1_ASM4974531v1	46
GCA_049745055.1_ASM4974505v1	GCA_049745375.1_ASM4974537v1	67
GCA_049745055.1_ASM4974505v1	GCA_049745395.1_ASM4974539v1	22
GCA_049745115.1_ASM4974511v1	GCA_049744075.1_ASM4974407v1	58
GCA_049745115.1_ASM4974511v1	GCA_049744095.1_ASM4974409v1	54
GCA_049745115.1_ASM4974511v1	GCA_049744115.1_ASM4974411v1	76
GCA_049745115.1_ASM4974511v1	GCA_049744195.1_ASM4974419v1	55
GCA_049745115.1_ASM4974511v1	GCA_049744215.1_ASM4974421v1	33
GCA_049745115.1_ASM4974511v1	GCA_049744235.1_ASM4974423v1	54
GCA_049745115.1_ASM4974511v1	GCA_049744295.1_ASM4974429v1	58
GCA_049745115.1_ASM4974511v1	GCA_049744305.1_ASM4974430v1	52
GCA_049745115.1_ASM4974511v1	GCA_049744355.1_ASM4974435v1	54
GCA_049745115.1_ASM4974511v1	GCA_049744415.1_ASM4974441v1	54
GCA_049745115.1_ASM4974511v1	GCA_049744425.1_ASM4974442v1	54
GCA_049745115.1_ASM4974511v1	GCA_049744475.1_ASM4974447v1	54
GCA_049745115.1_ASM4974511v1	GCA_049744535.1_ASM4974453v1	51
GCA_049745115.1_ASM4974511v1	GCA_049744555.1_ASM4974455v1	54
GCA_049745115.1_ASM4974511v1	GCA_049744575.1_ASM4974457v1	54
GCA_049745115.1_ASM4974511v1	GCA_049744655.1_ASM4974465v1	54
GCA_049745115.1_ASM4974511v1	GCA_049744675.1_ASM4974467v1	54
GCA_049745115.1_ASM4974511v1	GCA_049744695.1_ASM4974469v1	54
GCA_049745115.1_ASM4974511v1	GCA_049744775.1_ASM4974477v1	54
GCA_049745115.1_ASM4974511v1	GCA_049744795.1_ASM4974479v1	55
GCA_049745115.1_ASM4974511v1	GCA_049744815.1_ASM4974481v1	53
GCA_049745115.1_ASM4974511v1	GCA_049744875.1_ASM4974487v1	54
GCA_049745115.1_ASM4974511v1	GCA_049744915.1_ASM4974491v1	66
GCA_049745115.1_ASM4974511v1	GCA_049744935.1_ASM4974493v1	9
GCA_049745115.1_ASM4974511v1	GCA_049744995.1_ASM4974499v1	48
GCA_049745115.1_ASM4974511v1	GCA_049745015.1_ASM4974501v1	57
GCA_049745115.1_ASM4974511v1	GCA_049745055.1_ASM4974505v1	37
GCA_049745115.1_ASM4974511v1	GCA_049745115.1_ASM4974511v1	0
GCA_049745115.1_ASM4974511v1	GCA_049745135.1_ASM4974513v1	43
GCA_049745115.1_ASM4974511v1	GCA_049745155.1_ASM4974515v1	35
GCA_049745115.1_ASM4974511v1	GCA_049745215.1_ASM4974521v1	43
GCA_049745115.1_ASM4974511v1	GCA_049745255.1_ASM4974525v1	12
GCA_049745115.1_ASM4974511v1	GCA_049745275.1_ASM4974527v1	68
GCA_049745115.1_ASM4974511v1	GCA_049745315.1_ASM4974531v1	21
GCA_049745115.1_ASM4974511v1	GCA_049745375.1_ASM4974537v1	66
GCA_049745115.1_ASM4974511v1	GCA_049745395.1_ASM4974539v1	37
GCA_049745135.1_ASM4974513v1	GCA_049744075.1_ASM4974407v1	65
GCA_049745135.1_ASM4974513v1	GCA_049744095.1_ASM4974409v1	61
GCA_049745135.1_ASM4974513v1	GCA_049744115.1_ASM4974411v1	83
GCA_049745135.1_ASM4974513v1	GCA_049744195.1_ASM4974419v1	62
GCA_049745135.1_ASM4974513v1	GCA_049744215.1_ASM4974421v1	20
GCA_049745135.1_ASM4974513v1	GCA_049744235.1_ASM4974423v1	61
GCA_049745135.1_ASM4974513v1	GCA_049744295.1_ASM4974429v1	65
GCA_049745135.1_ASM4974513v1	GCA_049744305.1_ASM4974430v1	59
GCA_049745135.1_ASM4974513v1	GCA_049744355.1_ASM4974435v1	61
GCA_049745135.1_ASM4974513v1	GCA_049744415.1_ASM4974441v1	61
GCA_049745135.1_ASM4974513v1	GCA_049744425.1_ASM4974442v1	61
GCA_049745135.1_ASM4974513v1	GCA_049744475.1_ASM4974447v1	61
GCA_049745135.1_ASM4974513v1	GCA_049744535.1_ASM4974453v1	58
GCA_049745135.1_ASM4974513v1	GCA_049744555.1_ASM4974455v1	61
GCA_049745135.1_ASM4974513v1	GCA_049744575.1_ASM4974457v1	61
GCA_049745135.1_ASM4974513v1	GCA_049744655.1_ASM4974465v1	61
GCA_049745135.1_ASM4974513v1	GCA_049744675.1_ASM4974467v1	61
GCA_049745135.1_ASM4974513v1	GCA_049744695.1_ASM4974469v1	61
GCA_049745135.1_ASM4974513v1	GCA_049744775.1_ASM4974477v1	61
GCA_049745135.1_ASM4974513v1	GCA_049744795.1_ASM4974479v1	62
GCA_049745135.1_ASM4974513v1	GCA_049744815.1_ASM4974481v1	60
GCA_049745135.1_ASM4974513v1	GCA_049744875.1_ASM4974487v1	61
GCA_049745135.1_ASM4974513v1	GCA_049744915.1_ASM4974491v1	73
GCA_049745135.1_ASM4974513v1	GCA_049744935.1_ASM4974493v1	46
GCA_049745135.1_ASM4974513v1	GCA_049744995.1_ASM4974499v1	55
GCA_049745135.1_ASM4974513v1	GCA_049745015.1_ASM4974501v1	64
GCA_049745135.1_ASM4974513v1	GCA_049745055.1_ASM4974505v1	24
GCA_049745135.1_ASM4974513v1	GCA_049745115.1_ASM4974511v1	43
GCA_049745135.1_ASM4974513v1	GCA_049745135.1_ASM4974513v1	0
GCA_049745135.1_ASM4974513v1	GCA_049745155.1_ASM4974515v1	26
GCA_049745135.1_ASM4974513v1	GCA_049745215.1_ASM4974521v1	0
GCA_049745135.1_ASM4974513v1	GCA_049745255.1_ASM4974525v1	49
GCA_049745135.1_ASM4974513v1	GCA_049745275.1_ASM4974527v1	75
GCA_049745135.1_ASM4974513v1	GCA_049745315.1_ASM4974531v1	52
GCA_049745135.1_ASM4974513v1	GCA_049745375.1_ASM4974537v1	73
GCA_049745135.1_ASM4974513v1	GCA_049745395.1_ASM4974539v1	28
GCA_049745155.1_ASM4974515v1	GCA_049744075.1_ASM4974407v1	57
GCA_049745155.1_ASM4974515v1	GCA_049744095.1_ASM4974409v1	53
GCA_049745155.1_ASM4974515v1	GCA_049744115.1_ASM4974411v1	75
GCA_049745155.1_ASM4974515v1	GCA_049744195.1_ASM4974419v1	54
GCA_049745155.1_ASM4974515v1	GCA_049744215.1_ASM4974421v1	16
GCA_049745155.1_ASM4974515v1	GCA_049744235.1_ASM4974423v1	53
GCA_049745155.1_ASM4974515v1	GCA_049744295.1_ASM4974429v1	57
GCA_049745155.1_ASM4974515v1	GCA_049744305.1_ASM4974430v1	51
GCA_049745155.1_ASM4974515v1	GCA_049744355.1_ASM4974435v1	53
GCA_049745155.1_ASM4974515v1	GCA_049744415.1_ASM4974441v1	53
GCA_049745155.1_ASM4974515v1	GCA_049744425.1_ASM4974442v1	53
GCA_049745155.1_ASM4974515v1	GCA_049744475.1_ASM4974447v1	53
GCA_049745155.1_ASM4974515v1	GCA_049744535.1_ASM4974453v1	50
GCA_049745155.1_ASM4974515v1	GCA_049744555.1_ASM4974455v1	53
GCA_049745155.1_ASM4974515v1	GCA_049744575.1_ASM4974457v1	53
GCA_049745155.1_ASM4974515v1	GCA_049744655.1_ASM4974465v1	53
GCA_049745155.1_ASM4974515v1	GCA_049744675.1_ASM4974467v1	53
GCA_049745155.1_ASM4974515v1	GCA_049744695.1_ASM4974469v1	53
GCA_049745155.1_ASM4974515v1	GCA_049744775.1_ASM4974477v1	53
GCA_049745155.1_ASM4974515v1	GCA_049744795.1_ASM4974479v1	54
GCA_049745155.1_ASM4974515v1	GCA_049744815.1_ASM4974481v1	52
GCA_049745155.1_ASM4974515v1	GCA_049744875.1_ASM4974487v1	53
GCA_049745155.1_ASM4974515v1	GCA_049744915.1_ASM4974491v1	65
GCA_049745155.1_ASM4974515v1	GCA_049744935.1_ASM4974493v1	38
GCA_049745155.1_ASM4974515v1	GCA_049744995.1_ASM4974499v1	47
GCA_049745155.1_ASM4974515v1	GCA_049745015.1_ASM4974501v1	56
GCA_049745155.1_ASM4974515v1	GCA_049745055.1_ASM4974505v1	20
GCA_049745155.1_ASM4974515v1	GCA_049745115.1_ASM4974511v1	35
GCA_049745155.1_ASM4974515v1	GCA_049745135.1_ASM4974513v1	26
GCA_049745155.1_ASM4974515v1	GCA_049745155.1_ASM4974515v1	0
GCA_049745155.1_ASM4974515v1	GCA_049745215.1_ASM4974521v1	26
GCA_049745155.1_ASM4974515v1	GCA_049745255.1_ASM4974525v1	41
GCA_049745155.1_ASM4974515v1	GCA_049745275.1_ASM4974527v1	67
GCA_049745155.1_ASM4974515v1	GCA_049745315.1_ASM4974531v1	44
GCA_049745155.1_ASM4974515v1	GCA_049745375.1_ASM4974537v1	65
GCA_049745155.1_ASM4974515v1	GCA_049745395.1_ASM4974539v1	16
GCA_049745215.1_ASM4974521v1	GCA_049744075.1_ASM4974407v1	65
GCA_049745215.1_ASM4974521v1	GCA_049744095.1_ASM4974409v1	61
GCA_049745215.1_ASM4974521v1	GCA_049744115.1_ASM4974411v1	83
GCA_049745215.1_ASM4974521v1	GCA_049744195.1_ASM4974419v1	62
GCA_049745215.1_ASM4974521v1	GCA_049744215.1_ASM4974421v1	20
GCA_049745215.1_ASM4974521v1	GCA_049744235.1_ASM4974423v1	61
GCA_049745215.1_ASM4974521v1	GCA_049744295.1_ASM4974429v1	65
GCA_049745215.1_ASM4974521v1	GCA_049744305.1_ASM4974430v1	59
GCA_049745215.1_ASM4974521v1	GCA_049744355.1_ASM4974435v1	61
GCA_049745215.1_ASM4974521v1	GCA_049744415.1_ASM4974441v1	61
GCA_049745215.1_ASM4974521v1	GCA_049744425.1_ASM4974442v1	61
GCA_049745215.1_ASM4974521v1	GCA_049744475.1_ASM4974447v1	61
GCA_049745215.1_ASM4974521v1	GCA_049744535.1_ASM4974453v1	58
GCA_049745215.1_ASM4974521v1	GCA_049744555.1_ASM4974455v1	61
GCA_049745215.1_ASM4974521v1	GCA_049744575.1_ASM4974457v1	61
GCA_049745215.1_ASM4974521v1	GCA_049744655.1_ASM4974465v1	61
GCA_049745215.1_ASM4974521v1	GCA_049744675.1_ASM4974467v1	61
GCA_049745215.1_ASM4974521v1	GCA_049744695.1_ASM4974469v1	61
GCA_049745215.1_ASM4974521v1	GCA_049744775.1_ASM4974477v1	61
GCA_049745215.1_ASM4974521v1	GCA_049744795.1_ASM4974479v1	62
GCA_049745215.1_ASM4974521v1	GCA_049744815.1_ASM4974481v1	60
GCA_049745215.1_ASM4974521v1	GCA_049744875.1_ASM4974487v1	61
GCA_049745215.1_ASM4974521v1	GCA_049744915.1_ASM4974491v1	73
GCA_049745215.1_ASM4974521v1	GCA_049744935.1_ASM4974493v1	46
GCA_049745215.1_ASM4974521v1	GCA_049744995.1_ASM4974499v1	55
GCA_049745215.1_ASM4974521v1	GCA_049745015.1_ASM4974501v1	64
GCA_049745215.1_ASM4974521v1	GCA_049745055.1_ASM4974505v1	24
GCA_049745215.1_ASM4974521v1	GCA_049745115.1_ASM4974511v1	43
GCA_049745215.1_ASM4974521v1	GCA_049745135.1_ASM4974513v1	0
GCA_049745215.1_ASM4974521v1	GCA_049745155.1_ASM4974515v1	26
GCA_049745215.1_ASM4974521v1	GCA_049745215.1_ASM4974521v1	0
GCA_049745215.1_ASM4974521v1	GCA_049745255.1_ASM4974525v1	49
GCA_049745215.1_ASM4974521v1	GCA_049745275.1_ASM4974527v1	75
GCA_049745215.1_ASM4974521v1	GCA_049745315.1_ASM4974531v1	52
GCA_049745215.1_ASM4974521v1	GCA_049745375.1_ASM4974537v1	73
GCA_049745215.1_ASM4974521v1	GCA_049745395.1_ASM4974539v1	28
GCA_049745255.1_ASM4974525v1	GCA_049744075.1_ASM4974407v1	64
GCA_049745255.1_ASM4974525v1	GCA_049744095.1_ASM4974409v1	60
GCA_049745255.1_ASM4974525v1	GCA_049744115.1_ASM4974411v1	82
GCA_049745255.1_ASM4974525v1	GCA_049744195.1_ASM4974419v1	61
GCA_049745255.1_ASM4974525v1	GCA_049744215.1_ASM4974421v1	39
GCA_049745255.1_ASM4974525v1	GCA_049744235.1_ASM4974423v1	60
GCA_049745255.1_ASM4974525v1	GCA_049744295.1_ASM4974429v1	64
GCA_049745255.1_ASM4974525v1	GCA_049744305.1_ASM4974430v1	58
GCA_049745255.1_ASM4974525v1	GCA_049744355.1_ASM4974435v1	60
GCA_049745255.1_ASM4974525v1	GCA_049744415.1_ASM4974441v1	60
GCA_049745255.1_ASM4974525v1	GCA_049744425.1_ASM4974442v1	60
GCA_049745255.1_ASM4974525v1	GCA_049744475.1_ASM4974447v1	60
GCA_049745255.1_ASM4974525v1	GCA_049744535.1_ASM4974453v1	57
GCA_049745255.1_ASM4974525v1	GCA_049744555.1_ASM4974455v1	60
GCA_049745255.1_ASM4974525v1	GCA_049744575.1_ASM4974457v1	60
GCA_049745255.1_ASM4974525v1	GCA_049744655.1_ASM4974465v1	60
GCA_049745255.1_ASM4974525v1	GCA_049744675.1_ASM4974467v1	60
GCA_049745255.1_ASM4974525v1	GCA_049744695.1_ASM4974469v1	60
GCA_049745255.1_ASM4974525v1	GCA_049744775.1_ASM4974477v1	60
GCA_049745255.1_ASM4974525v1	GCA_049744795.1_ASM4974479v1	61
GCA_049745255.1_ASM4974525v1	GCA_049744815.1_ASM4974481v1	59
GCA_049745255.1_ASM4974525v1	GCA_049744875.1_ASM4974487v1	60
GCA_049745255.1_ASM4974525v1	GCA_049744915.1_ASM4974491v1	72
GCA_049745255.1_ASM4974525v1	GCA_049744935.1_ASM4974493v1	15
GCA_049745255.1_ASM4974525v1	GCA_049744995.1_ASM4974499v1	54
GCA_049745255.1_ASM4974525v1	GCA_049745015.1_ASM4974501v1	63
GCA_049745255.1_ASM4974525v1	GCA_049745055.1_ASM4974505v1	43
GCA_049745255.1_ASM4974525v1	GCA_049745115.1_ASM4974511v1	12
GCA_049745255.1_ASM4974525v1	GCA_049745135.1_ASM4974513v1	49
GCA_049745255.1_ASM4974525v1	GCA_049745155.1_ASM4974515v1	41
GCA_049745255.1_ASM4974525v1	GCA_049745215.1_ASM4974521v1	49
GCA_049745255.1_ASM4974525v1	GCA_049745255.1_ASM4974525v1	0
GCA_049745255.1_ASM4974525v1	GCA_049745275.1_ASM4974527v1	74
GCA_049745255.1_ASM4974525v1	GCA_049745315.1_ASM4974531v1	27
GCA_049745255.1_ASM4974525v1	GCA_049745375.1_ASM4974537v1	72
GCA_049745255.1_ASM4974525v1	GCA_049745395.1_ASM4974539v1	43
GCA_049745275.1_ASM4974527v1	GCA_049744075.1_ASM4974407v1	72
GCA_049745275.1_ASM4974527v1	GCA_049744095.1_ASM4974409v1	60
GCA_049745275.1_ASM4974527v1	GCA_049744115.1_ASM4974411v1	82
GCA_049745275.1_ASM4974527v1	GCA_049744195.1_ASM4974419v1	69
GCA_049745275.1_ASM4974527v1	GCA_049744215.1_ASM4974421v1	65
GCA_049745275.1_ASM4974527v1	GCA_049744235.1_ASM4974423v1	60
GCA_049745275.1_ASM4974527v1	GCA_049744295.1_ASM4974429v1	72
GCA_049745275.1_ASM4974527v1	GCA_049744305.1_ASM4974430v1	58
GCA_049745275.1_ASM4974527v1	GCA_049744355.1_ASM4974435v1	60
GCA_049745275.1_ASM4974527v1	GCA_049744415.1_ASM4974441v1	60
GCA_049745275.1_ASM4974527v1	GCA_049744425.1_ASM4974442v1	60
GCA_049745275.1_ASM4974527v1	GCA_049744475.1_ASM4974447v1	60
GCA_049745275.1_ASM4974527v1	GCA_049744535.1_ASM4974453v1	65
GCA_049745275.1_ASM4974527v1	GCA_049744555.1_ASM4974455v1	60
GCA_049745275.1_ASM4974527v1	GCA_049744575.1_ASM4974457v1	60
GCA_049745275.1_ASM4974527v1	GCA_049744655.1_ASM4974465v1	60
GCA_049745275.1_ASM4974527v1	GCA_049744675.1_ASM4974467v1	60
GCA_049745275.1_ASM4974527v1	GCA_049744695.1_ASM4974469v1	60
GCA_049745275.1_ASM4974527v1	GCA_049744775.1_ASM4974477v1	60
GCA_049745275.1_ASM4974527v1	GCA_049744795.1_ASM4974479v1	61
GCA_049745275.1_ASM4974527v1	GCA_049744815.1_ASM4974481v1	67
GCA_049745275.1_ASM4974527v1	GCA_049744875.1_ASM4974487v1	60
GCA_049745275.1_ASM4974527v1	GCA_049744915.1_ASM4974491v1	30
GCA_049745275.1_ASM4974527v1	GCA_049744935.1_ASM4974493v1	71
GCA_049745275.1_ASM4974527v1	GCA_049744995.1_ASM4974499v1	62
GCA_049745275.1_ASM4974527v1	GCA_049745015.1_ASM4974501v1	21
GCA_049745275.1_ASM4974527v1	GCA_049745055.1_ASM4974505v1	69
GCA_049745275.1_ASM4974527v1	GCA_049745115.1_ASM4974511v1	68
GCA_049745275.1_ASM4974527v1	GCA_049745135.1_ASM4974513v1	75
GCA_049745275.1_ASM4974527v1	GCA_049745155.1_ASM4974515v1	67
GCA_049745275.1_ASM4974527v1	GCA_049745215.1_ASM4974521v1	75
GCA_049745275.1_ASM4974527v1	GCA_049745255.1_ASM4974525v1	74
GCA_049745275.1_ASM4974527v1	GCA_049745275.1_ASM4974527v1	0
GCA_049745275.1_ASM4974527v1	GCA_049745315.1_ASM4974531v1	77
GCA_049745275.1_ASM4974527v1	GCA_049745375.1_ASM4974537v1	30
GCA_049745275.1_ASM4974527v1	GCA_049745395.1_ASM4974539v1	69
GCA_049745315.1_ASM4974531v1	GCA_049744075.1_ASM4974407v1	67
GCA_049745315.1_ASM4974531v1	GCA_049744095.1_ASM4974409v1	63
GCA_049745315.1_ASM4974531v1	GCA_049744115.1_ASM4974411v1	85
GCA_049745315.1_ASM4974531v1	GCA_049744195.1_ASM4974419v1	64
GCA_049745315.1_ASM4974531v1	GCA_049744215.1_ASM4974421v1	42
GCA_049745315.1_ASM4974531v1	GCA_049744235.1_ASM4974423v1	63
GCA_049745315.1_ASM4974531v1	GCA_049744295.1_ASM4974429v1	67
GCA_049745315.1_ASM4974531v1	GCA_049744305.1_ASM4974430v1	61
GCA_049745315.1_ASM4974531v1	GCA_049744355.1_ASM4974435v1	63
GCA_049745315.1_ASM4974531v1	GCA_049744415.1_ASM4974441v1	63
GCA_049745315.1_ASM4974531v1	GCA_049744425.1_ASM4974442v1	63
GCA_049745315.1_ASM4974531v1	GCA_049744475.1_ASM4974447v1	63
GCA_049745315.1_ASM4974531v1	GCA_049744535.1_ASM4974453v1	60
GCA_049745315.1_ASM4974531v1	GCA_049744555.1_ASM4974455v1	63
GCA_049745315.1_ASM4974531v1	GCA_049744575.1_ASM4974457v1	63
GCA_049745315.1_ASM4974531v1	GCA_049744655.1_ASM4974465v1	63
GCA_049745315.1_ASM4974531v1	GCA_049744675.1_ASM4974467v1	63
GCA_049745315.1_ASM4974531v1	GCA_049744695.1_ASM4974469v1	63
GCA_049745315.1_ASM4974531v1	GCA_049744775.1_ASM4974477v1	63
GCA_049745315.1_ASM4974531v1	GCA_049744795.1_ASM4974479v1	64
GCA_049745315.1_ASM4974531v1	GCA_049744815.1_ASM4974481v1	62
GCA_049745315.1_ASM4974531v1	GCA_049744875.1_ASM4974487v1	63
GCA_049745315.1_ASM4974531v1	GCA_049744915.1_ASM4974491v1	75
GCA_049745315.1_ASM4974531v1	GCA_049744935.1_ASM4974493v1	24
GCA_049745315.1_ASM4974531v1	GCA_049744995.1_ASM4974499v1	57
GCA_049745315.1_ASM4974531v1	GCA_049745015.1_ASM4974501v1	66
GCA_049745315.1_ASM4974531v1	GCA_049745055.1_ASM4974505v1	46
GCA_049745315.1_ASM4974531v1	GCA_049745115.1_ASM4974511v1	21
GCA_049745315.1_ASM4974531v1	GCA_049745135.1_ASM4974513v1	52
GCA_049745315.1_ASM4974531v1	GCA_049745155.1_ASM4974515v1	44
GCA_049745315.1_ASM4974531v1	GCA_049745215.1_ASM4974521v1	52
GCA_049745315.1_ASM4974531v1	GCA_049745255.1_ASM4974525v1	27
GCA_049745315.1_ASM4974531v1	GCA_049745275.1_ASM4974527v1	77
GCA_049745315.1_ASM4974531v1	GCA_049745315.1_ASM4974531v1	0
GCA_049745315.1_ASM4974531v1	GCA_049745375.1_ASM4974537v1	75
GCA_049745315.1_ASM4974531v1	GCA_049745395.1_ASM4974539v1	46
GCA_049745375.1_ASM4974537v1	GCA_049744075.1_ASM4974407v1	70
GCA_049745375.1_ASM4974537v1	GCA_049744095.1_ASM4974409v1	58
GCA_049745375.1_ASM4974537v1	GCA_049744115.1_ASM4974411v1	80
GCA_049745375.1_ASM4974537v1	GCA_049744195.1_ASM4974419v1	67
GCA_049745375.1_ASM4974537v1	GCA_049744215.1_ASM4974421v1	63
GCA_049745375.1_ASM4974537v1	GCA_049744235.1_ASM4974423v1	58
GCA_049745375.1_ASM4974537v1	GCA_049744295.1_ASM4974429v1	70
GCA_049745375.1_ASM4974537v1	GCA_049744305.1_ASM4974430v1	56
GCA_049745375.1_ASM4974537v1	GCA_049744355.1_ASM4974435v1	58
GCA_049745375.1_ASM4974537v1	GCA_049744415.1_ASM4974441v1	58
GCA_049745375.1_ASM4974537v1	GCA_049744425.1_ASM4974442v1	58
GCA_049745375.1_ASM4974537v1	GCA_049744475.1_ASM4974447v1	58
GCA_049745375.1_ASM4974537v1	GCA_049744535.1_ASM4974453v1	63
GCA_049745375.1_ASM4974537v1	GCA_049744555.1_ASM4974455v1	58
GCA_049745375.1_ASM4974537v1	GCA_049744575.1_ASM4974457v1	58
GCA_049745375.1_ASM4974537v1	GCA_049744655.1_ASM4974465v1	58
GCA_049745375.1_ASM4974537v1	GCA_049744675.1_ASM4974467v1	58
GCA_049745375.1_ASM4974537v1	GCA_049744695.1_ASM4974469v1	58
GCA_049745375.1_ASM4974537v1	GCA_049744775.1_ASM4974477v1	58
GCA_049745375.1_ASM4974537v1	GCA_049744795.1_ASM4974479v1	59
GCA_049745375.1_ASM4974537v1	GCA_049744815.1_ASM4974481v1	65
GCA_049745375.1_ASM4974537v1	GCA_049744875.1_ASM4974487v1	58
GCA_049745375.1_ASM4974537v1	GCA_049744915.1_ASM4974491v1	0
GCA_049745375.1_ASM4974537v1	GCA_049744935.1_ASM4974493v1	69
GCA_049745375.1_ASM4974537v1	GCA_049744995.1_ASM4974499v1	60
GCA_049745375.1_ASM4974537v1	GCA_049745015.1_ASM4974501v1	11
GCA_049745375.1_ASM4974537v1	GCA_049745055.1_ASM4974505v1	67
GCA_049745375.1_ASM4974537v1	GCA_049745115.1_ASM4974511v1	66
GCA_049745375.1_ASM4974537v1	GCA_049745135.1_ASM4974513v1	73
GCA_049745375.1_ASM4974537v1	GCA_049745155.1_ASM4974515v1	65
GCA_049745375.1_ASM4974537v1	GCA_049745215.1_ASM4974521v1	73
GCA_049745375.1_ASM4974537v1	GCA_049745255.1_ASM4974525v1	72
GCA_049745375.1_ASM4974537v1	GCA_049745275.1_ASM4974527v1	30
GCA_049745375.1_ASM4974537v1	GCA_049745315.1_ASM4974531v1	75
GCA_049745375.1_ASM4974537v1	GCA_049745375.1_ASM4974537v1	0
GCA_049745375.1_ASM4974537v1	GCA_049745395.1_ASM4974539v1	67
GCA_049745395.1_ASM4974539v1	GCA_049744075.1_ASM4974407v1	59
GCA_049745395.1_ASM4974539v1	GCA_049744095.1_ASM4974409v1	55
GCA_049745395.1_ASM4974539v1	GCA_049744115.1_ASM4974411v1	77
GCA_049745395.1_ASM4974539v1	GCA_049744195.1_ASM4974419v1	56
GCA_049745395.1_ASM4974539v1	GCA_049744215.1_ASM4974421v1	18
GCA_049745395.1_ASM4974539v1	GCA_049744235.1_ASM4974423v1	55
GCA_049745395.1_ASM4974539v1	GCA_049744295.1_ASM4974429v1	59
GCA_049745395.1_ASM4974539v1	GCA_049744305.1_ASM4974430v1	53
GCA_049745395.1_ASM4974539v1	GCA_049744355.1_ASM4974435v1	55
GCA_049745395.1_ASM4974539v1	GCA_049744415.1_ASM4974441v1	55
GCA_049745395.1_ASM4974539v1	GCA_049744425.1_ASM4974442v1	55
GCA_049745395.1_ASM4974539v1	GCA_049744475.1_ASM4974447v1	55
GCA_049745395.1_ASM4974539v1	GCA_049744535.1_ASM4974453v1	52
GCA_049745395.1_ASM4974539v1	GCA_049744555.1_ASM4974455v1	55
GCA_049745395.1_ASM4974539v1	GCA_049744575.1_ASM4974457v1	55
GCA_049745395.1_ASM4974539v1	GCA_049744655.1_ASM4974465v1	55
GCA_049745395.1_ASM4974539v1	GCA_049744675.1_ASM4974467v1	55
GCA_049745395.1_ASM4974539v1	GCA_049744695.1_ASM4974469v1	55
GCA_049745395.1_ASM4974539v1	GCA_049744775.1_ASM4974477v1	55
GCA_049745395.1_ASM4974539v1	GCA_049744795.1_ASM4974479v1	56
GCA_049745395.1_ASM4974539v1	GCA_049744815.1_ASM4974481v1	54
GCA_049745395.1_ASM4974539v1	GCA_049744875.1_ASM4974487v1	55
GCA_049745395.1_ASM4974539v1	GCA_049744915.1_ASM4974491v1	67
GCA_049745395.1_ASM4974539v1	GCA_049744935.1_ASM4974493v1	40
GCA_049745395.1_ASM4974539v1	GCA_049744995.1_ASM4974499v1	49
GCA_049745395.1_ASM4974539v1	GCA_049745015.1_ASM4974501v1	58
GCA_049745395.1_ASM4974539v1	GCA_049745055.1_ASM4974505v1	22
GCA_049745395.1_ASM4974539v1	GCA_049745115.1_ASM4974511v1	37
GCA_049745395.1_ASM4974539v1	GCA_049745135.1_ASM4974513v1	28
GCA_049745395.1_ASM4974539v1	GCA_049745155.1_ASM4974515v1	16
GCA_049745395.1_ASM4974539v1	GCA_049745215.1_ASM4974521v1	28
GCA_049745395.1_ASM4974539v1	GCA_049745255.1_ASM4974525v1	43
GCA_049745395.1_ASM4974539v1	GCA_049745275.1_ASM4974527v1	69
GCA_049745395.1_ASM4974539v1	GCA_049745315.1_ASM4974531v1	46
GCA_049745395.1_ASM4974539v1	GCA_049745375.1_ASM4974537v1	67
GCA_049745395.1_ASM4974539v1	GCA_049745395.1_ASM4974539v1	0
